SupplierID,SupplierName,ProductID,CarMaker,CarModel,CarColor,CarModelYear,CarPrice,CustomerID,CustomerName,Gender,JobTitle,City,Country,CountryCode,State,OrderDate,OrderID,ShipDate,ShipMode,Shipping,PostalCode,Sales,Quantity,Discount,CreditCardType,CustomerFeedback,LeadTimeDays,OrderMonth,FeedbackScore,RevenuePerUnit
1,Bubbletube,8893,Dodge,Ram 2500,Goldenrod,2007,521963.45,60760-224,Louie Hinsche,Male,Mechanical Systems Engineer,Anchorage,United States,US,Alaska,2018-12-16,0268-6694,2019-03-14,Standard Class,Truck,99522,744796.41,1,0.83,diners-club-carte-blanche,Bad,88,2018-12,2,744796.41
2,Tagopia,9444,Toyota,Tundra,Crimson,2010,672222.04,67457-594,Alexandros Manuel,Male,Structural Engineer,Saint Cloud,United States,US,Minnesota,2019-02-13,0699-5728,2019-03-06,Standard Class,Truck,56398,794773.17,1,0.79,jcb,Good,21,2019-02,4,794773.17
3,Zoomdog,253,GMC,Savana 1500,Crimson,2011,504465.72,58411-135,Alvie Weighell,Male,Systems Administrator III,Chicago,United States,US,Illinois,2018-08-16,42043-251,2019-01-20,Second Class,Air,60674,968244.9,1,0.28,jcb,Okay,157,2018-08,3,968244.9
4,Oozz,1283,Volkswagen,Cabriolet,Fuscia,1990,646077.11,0591-5307,Flint Gunston,Male,Operator,Orlando,United States,US,Florida,2019-02-22,57520-1044,2019-03-16,First Class,Truck,32885,942213.82,2,0.76,jcb,Very Bad,22,2019-02,1,471106.91
5,Kare,8905,Mercury,Mariner,Teal,2009,699890.24,51655-189,Alyssa Filpi,Female,Software Engineer III,Detroit,United States,US,Michigan,2018-09-06,36987-3308,2019-01-29,Second Class,Air,48232,879519.57,1,0.5,china-unionpay,Bad,145,2018-09,2,879519.57
6,Rhynyx,8877,Toyota,Land Cruiser,Crimson,2005,694373.94,65811-0001,Wiatt Piche,Male,Professor,Atlanta,United States,US,Georgia,2018-08-16,11822-0580,2019-03-24,Standard Class,Air,31136,947785.4,2,0.39,laser,Good,220,2018-08,4,473892.7
7,Roombo,101,Subaru,Impreza,Indigo,1999,546977.55,31722-328,Findlay Alberti,Male,Biostatistician III,Boston,United States,US,Massachusetts,2019-03-16,24909-111,2019-01-24,Same Day,Truck,2208,883836.81,2,0.79,diners-club-carte-blanche,Very Bad,-51,2019-03,1,441918.405
8,Wordify,8854,BMW,X6,Purple,2013,528353.8,54162-018,Ottilie Wittman,Female,Administrative Officer,Charleston,United States,US,West Virginia,2018-06-30,49527-013,2019-01-01,Second Class,Truck,25336,779626.29,1,0.9,jcb,Bad,185,2018-06,2,779626.29
9,Skyvu,9043,Mitsubishi,Galant,Orange,2011,706964.35,44911-0060,Kirsten Calvey,Female,Assistant Manager,Phoenix,United States,US,Arizona,2018-11-04,52125-325,2019-01-16,First Class,Air,85035,818364.32,2,0.5,jcb,Okay,73,2018-11,3,409182.16
10,Feedfire,492,Subaru,Justy,Crimson,1988,798573.59,54868-5732,Archer Landsborough,Male,Speech Pathologist,San Jose,United States,US,California,2018-11-24,45802-283,2019-02-24,Standard Class,Truck,95113,902866.47,1,0.61,jcb,Very Bad,92,2018-11,1,902866.47
11,Layo,9212,Mercedes-Benz,M-Class,Mauv,2002,722114.57,0955-1015,Duff Dodgshun,Male,Developer I,Newark,United States,US,New Jersey,2019-05-23,50563-202,2019-03-29,Same Day,Air,7112,932957.69,1,0.62,diners-club-enroute,Very Bad,-55,2019-05,1,932957.69
12,Oyoyo,7891,Ford,Taurus X,Crimson,2008,761182.85,54838-101,Barry Delves,Female,Analog Circuit Design manager,Syracuse,United States,US,New York,2018-12-02,60512-1035,2019-05-20,Same Day,Truck,13217,743643.26,2,0.61,jcb,Okay,169,2018-12,3,371821.63
13,Quatz,3334,Mercedes-Benz,CL-Class,Red,2011,568015.89,49825-119,Libbey Divell,Female,VP Sales,Charleston,United States,US,West Virginia,2019-06-17,54868-6162,2019-01-21,Second Class,Truck,25331,856186.55,2,0.81,diners-club-enroute,Good,-147,2019-06,4,428093.275
14,Gabvine,8898,Dodge,Avenger,Turquoise,2008,646591.02,54799-504,Demetria Hazelgrove,Female,Human Resources Assistant IV,Topeka,United States,US,Kansas,2019-04-25,57955-8315,2019-05-17,First Class,Air,66642,703359.96,1,0.88,jcb,Good,22,2019-04,4,703359.96
15,Jaxspan,4531,Nissan,Pathfinder,Khaki,2002,670304.84,43742-0059,Creigh Wreakes,Male,Internal Auditor,Washington,United States,US,District of Columbia,2018-08-12,58118-0404,2019-01-07,Same Day,Air,20005,832581.18,2,0.44,jcb,Good,148,2018-08,4,416290.59
16,Mybuzz,3327,BMW,M3,Turquoise,2009,728986.85,68788-9728,Erv Manville,Male,Senior Developer,Chattanooga,United States,US,Tennessee,2018-12-03,65862-082,2019-06-01,Same Day,Air,37416,948098.46,2,0.84,visa,Good,180,2018-12,4,474049.23
17,Gabcube,7975,Mercedes-Benz,R-Class,Puce,2009,665854.24,0228-2672,Mychal Zanetti,Male,Social Worker,Dayton,United States,US,Ohio,2018-08-06,50169-0005,2019-02-21,Same Day,Air,45470,856069.09,2,0.63,china-unionpay,Very Good,199,2018-08,5,428034.545
18,Lazz,7029,Honda,FCX Clarity,Yellow,2012,707705.42,21695-215,Jermain Proudman,Male,Senior Editor,Appleton,United States,US,Wisconsin,2019-04-15,49404-204,2019-05-20,Same Day,Air,54915,749727.44,1,0.64,mastercard,Very Good,35,2019-04,5,749727.44
19,Buzzdog,2373,Toyota,Corolla,Aquamarine,2004,563380.63,37000-352,Liuka Dundin,Female,Desktop Support Technician,Murfreesboro,United States,US,Tennessee,2019-06-03,0363-0459,2019-04-30,First Class,Air,37131,758563.82,2,0.56,jcb,Very Good,-34,2019-06,5,379281.91
20,Yodel,5839,Ford,Tempo,Turquoise,1988,686028.43,49288-0606,Timmy Duck,Female,Payment Adjustment Coordinator,Annapolis,United States,US,Maryland,2018-11-12,57955-2282,2019-03-24,Standard Class,Truck,21405,927054.81,2,0.83,jcb,Bad,132,2018-11,2,463527.405
21,Innojam,1459,Mercedes-Benz,SL-Class,Turquoise,2009,526717.03,49693-1801,Barbee Cathel,Female,Chemical Engineer,Bloomington,United States,US,Indiana,2018-12-03,28107-003,2019-05-31,Second Class,Air,47405,979571.33,2,0.4,china-unionpay,Bad,179,2018-12,2,489785.665
22,Skidoo,8464,Chevrolet,Monte Carlo,Aquamarine,1996,569743.98,23155-141,Aimee O'Canavan,Female,Project Manager,Santa Monica,United States,US,California,2019-01-24,53808-0349,2019-05-31,Standard Class,Air,90405,718907.78,1,0.39,jcb,Good,127,2019-01,4,718907.78
23,Mynte,7705,Bentley,Continental Flying Spur,Fuscia,2009,649917.0,65517-0027,Iain Potell,Male,Software Consultant,Evansville,United States,US,Indiana,2019-05-04,13537-217,2019-02-20,Second Class,Truck,47725,736530.42,2,0.89,maestro,Very Good,-73,2019-05,5,368265.21
24,Browseblab,8048,Toyota,Celica,Puce,2003,702988.61,0703-9258,Marylin Tresvina,Female,Staff Scientist,Reno,United States,US,Nevada,2018-09-09,44911-0082,2019-02-18,Second Class,Air,89519,808884.0,1,0.57,jcb,Good,162,2018-09,4,808884.0
25,Mybuzz,5595,BMW,7 Series,Turquoise,2012,767834.18,50988-176,Letisha Mahoney,Female,Professor,Muncie,United States,US,Indiana,2018-08-16,55316-647,2019-06-04,First Class,Truck,47306,764420.77,1,0.88,jcb,Very Good,292,2018-08,5,764420.77
26,Photobug,3962,Nissan,Cube,Turquoise,2009,669596.52,55154-8252,Way Cossell,Male,Compensation Analyst,New York City,United States,US,New York,2019-04-30,16864-002,2019-04-27,Same Day,Air,10029,762315.01,1,0.52,diners-club-carte-blanche,Very Good,-3,2019-04,5,762315.01
27,Flashset,480,Dodge,Ram 1500 Club,Red,1996,515209.24,51143-213,Ahmad McNiven,Male,VP Quality Control,Baltimore,United States,US,Maryland,2019-06-02,59779-169,2019-02-26,Same Day,Air,21281,939816.56,2,0.27,china-unionpay,Very Bad,-96,2019-06,1,469908.28
28,Kamba,7827,Buick,Regal,Orange,2011,649144.0,42507-612,Phillipe Fussie,Male,Director of Sales,Miami,United States,US,Florida,2019-01-06,0527-1366,2019-03-02,First Class,Air,33158,935633.27,2,0.5,jcb,Very Bad,55,2019-01,1,467816.635
29,Tazzy,4263,GMC,3500,Maroon,1994,655358.88,76237-162,Beryle Carlan,Female,Accounting Assistant IV,Washington,United States,US,District of Columbia,2019-05-08,37012-160,2019-03-04,Standard Class,Air,20442,936358.16,2,0.8,bankcard,Okay,-65,2019-05,3,468179.08
30,Rhyloo,4533,Pontiac,Grand Prix,Red,1983,695215.79,69243-0610,Ernesta Tzarkov,Female,Assistant Media Planner,Vancouver,United States,US,Washington,2019-01-16,63629-5233,2019-05-09,Same Day,Air,98682,740992.19,1,0.63,switch,Bad,113,2019-01,2,740992.19
31,Yakijo,1425,Cadillac,DTS,Fuscia,2010,631349.63,75936-123,Hailey Doorbar,Male,Human Resources Manager,Lincoln,United States,US,Nebraska,2018-11-28,54868-4525,2019-03-27,Standard Class,Air,68531,863444.64,2,0.89,jcb,Very Good,119,2018-11,5,431722.32
32,Fanoodle,3840,Volkswagen,Jetta,Turquoise,1984,795403.28,51346-179,Ricoriki Egalton,Male,Help Desk Technician,Austin,United States,US,Texas,2018-12-09,65342-1377,2019-03-16,Standard Class,Truck,78783,935827.84,2,0.66,jcb,Good,97,2018-12,4,467913.92
33,Skaboo,8157,Volkswagen,New Beetle,Pink,2001,728738.25,10849-001,Mateo Gawith,Male,Compensation Analyst,Brooklyn,United States,US,New York,2018-10-19,37000-069,2019-01-09,First Class,Air,11215,904657.67,2,0.52,jcb,Very Bad,82,2018-10,1,452328.835
34,Flashpoint,6551,Chevrolet,3500,Indigo,1996,621482.6,52125-632,Jeffy Duckworth,Male,Senior Financial Analyst,El Paso,United States,US,Texas,2018-09-26,0904-5721,2019-01-28,Second Class,Truck,79999,831839.93,1,0.71,jcb,Bad,124,2018-09,2,831839.93
35,Twitterlist,8142,Nissan,Sentra,Turquoise,2011,523333.68,53808-0603,Reese Lace,Male,Associate Professor,New Orleans,United States,US,Louisiana,2019-05-26,58414-8748,2019-03-17,Same Day,Air,70142,921546.49,2,0.69,maestro,Good,-70,2019-05,4,460773.245
36,Linkbridge,7609,Acura,SLX,Khaki,1999,543658.53,68387-695,Joete Rigmond,Female,Internal Auditor,New York City,United States,US,New York,2018-08-23,63629-4582,2019-06-03,Second Class,Truck,10060,963735.86,1,0.39,jcb,Good,284,2018-08,4,963735.86
37,Oyonder,5911,Chevrolet,Corvette,Green,1998,579336.1,0603-1384,Orland Morpeth,Male,Nurse,Roanoke,United States,US,Virginia,2018-06-28,47593-363,2019-05-03,Same Day,Truck,24020,883232.92,2,0.43,maestro,Very Bad,309,2018-06,1,441616.46
38,Edgeblab,8736,Mazda,MX-5,Teal,2009,762675.72,55289-697,Nissie Piller,Female,Safety Technician IV,San Francisco,United States,US,California,2018-11-11,0781-3167,2019-05-31,Standard Class,Air,94177,943846.05,1,0.85,mastercard,Very Good,201,2018-11,5,943846.05
39,Jetpulse,539,Ford,Econoline E250,Fuscia,2002,753675.72,33992-4948,Pablo Mithon,Male,VP Accounting,Dulles,United States,US,Virginia,2018-09-05,68084-375,2019-03-23,Same Day,Truck,20189,917587.05,2,0.41,diners-club-carte-blanche,Good,199,2018-09,4,458793.525
40,Quinu,9901,Audi,100,Goldenrod,1992,518104.02,49938-102,Lishe Healeas,Female,Programmer Analyst III,Battle Creek,United States,US,Michigan,2018-07-08,16714-387,2019-02-17,Standard Class,Air,49018,891387.37,2,0.64,maestro,Bad,224,2018-07,2,445693.685
41,Kazu,7763,Mazda,Protege,Mauv,1993,623810.35,24488-032,Coriss Toller,Female,Payment Adjustment Coordinator,Atlanta,United States,US,Georgia,2019-02-19,51389-107,2019-01-28,Standard Class,Truck,31106,888070.27,2,0.69,jcb,Very Bad,-22,2019-02,1,444035.135
42,Skyndu,9905,Chevrolet,Suburban 2500,Aquamarine,2009,794485.02,11697-373,Friedrich Roswarne,Male,Cost Accountant,Stockton,United States,US,California,2019-05-17,50436-6858,2019-03-30,First Class,Air,95298,722987.23,1,0.51,maestro,Bad,-48,2019-05,2,722987.23
43,Gigaclub,1351,Mazda,B-Series,Violet,1996,690487.8,43742-0339,Camile Dewhurst,Female,Structural Analysis Engineer,Pasadena,United States,US,California,2018-10-18,0409-7926,2019-03-01,Second Class,Truck,91125,803434.12,1,0.49,diners-club-carte-blanche,Very Bad,134,2018-10,1,803434.12
44,Avavee,3792,Honda,Accord,Aquamarine,2007,649862.04,62499-395,Barrett Eminson,Male,Web Designer IV,Corpus Christi,United States,US,Texas,2019-06-01,55714-2205,2019-01-25,Standard Class,Air,78405,902974.39,1,0.3,jcb,Very Good,-127,2019-06,5,902974.39
45,Trilia,3612,Saab,900,Orange,1987,766717.6,55154-6649,Joly Tincknell,Female,Financial Analyst,Saginaw,United States,US,Michigan,2018-10-20,55154-6707,2019-04-01,Second Class,Truck,48604,752502.57,1,0.47,jcb,Good,163,2018-10,4,752502.57
46,Omba,2187,Mitsubishi,Endeavor,Orange,2009,604079.51,51523-018,Homere Denford,Male,Operator,Little Rock,United States,US,Arkansas,2019-04-05,76519-1011,2019-02-23,Same Day,Truck,72204,847068.11,1,0.63,jcb,Okay,-41,2019-04,3,847068.11
47,Realbuzz,983,Buick,Riviera,Yellow,1997,757855.82,52959-997,Kilian Ivie,Male,Cost Accountant,Spartanburg,United States,US,South Carolina,2019-02-23,0440-1771,2019-06-12,Second Class,Air,29319,716453.03,1,0.4,visa,Bad,109,2019-02,2,716453.03
48,Topicstorm,1449,Mitsubishi,Galant,Goldenrod,1998,770647.91,37205-458,Bobette Tittletross,Female,Accounting Assistant II,Nashville,United States,US,Tennessee,2018-08-27,55289-410,2019-02-18,Same Day,Air,37235,946040.4,2,0.7,jcb,Very Bad,175,2018-08,1,473020.2
49,Oozz,7701,Mitsubishi,Challenger,Green,2002,672062.8,0268-0899,Deanne Andreolli,Female,Assistant Media Planner,Tulsa,United States,US,Oklahoma,2018-11-04,52709-1001,2019-05-21,Same Day,Air,74133,948811.89,2,0.64,visa,Very Good,198,2018-11,5,474405.945
50,Skynoodle,8551,Ford,Econoline E350,Goldenrod,1992,603304.49,65321-515,Maje MacShirie,Male,Programmer I,Shreveport,United States,US,Louisiana,2019-02-05,66915-613,2019-06-14,Same Day,Air,71130,895110.23,2,0.84,bankcard,Very Bad,129,2019-02,1,447555.115
51,Rhyloo,5587,Saab,9-7X,Red,2006,725775.33,66854-024,Jacinthe Deekes,Female,VP Marketing,Saint Paul,United States,US,Minnesota,2018-09-02,13107-020,2019-05-20,First Class,Truck,55188,992269.44,1,0.36,switch,Bad,260,2018-09,2,992269.44
52,Avaveo,9116,GMC,Sierra 3500,Red,2007,719787.61,30142-163,Aguie Woodland,Male,Data Coordiator,El Paso,United States,US,Texas,2018-11-27,63629-4358,2019-05-11,Same Day,Truck,79905,862750.76,1,0.56,visa,Bad,165,2018-11,2,862750.76
53,Jabbersphere,3420,Pontiac,Grand Prix,Goldenrod,2008,626150.56,68788-9178,Eldon Bartlam,Male,General Manager,Tempe,United States,US,Arizona,2019-01-18,43857-0292,2019-04-23,Second Class,Air,85284,858141.4,2,0.62,jcb,Very Bad,95,2019-01,1,429070.7
54,Demizz,5163,Ford,Bronco,Red,1990,578528.68,0517-7630,Marlane Nutten,Female,Product Engineer,West Palm Beach,United States,US,Florida,2019-04-14,68016-213,2019-05-10,First Class,Air,33416,761296.61,2,0.68,visa,Okay,26,2019-04,3,380648.305
55,Wikido,7900,Cadillac,Escalade EXT,Fuscia,2011,575587.24,36987-1206,Gery Zamora,Male,VP Marketing,Lancaster,United States,US,California,2018-09-20,63629-1792,2019-04-25,First Class,Truck,93584,903568.39,2,0.56,diners-club-carte-blanche,Very Good,217,2018-09,5,451784.195
56,Oyoba,1402,Lexus,IS,Violet,2005,501225.2,0093-6126,Nichole Longlands,Female,VP Sales,Kalamazoo,United States,US,Michigan,2018-12-04,54868-6368,2019-04-06,Same Day,Truck,49048,835589.93,1,0.83,switch,Good,123,2018-12,4,835589.93
57,Blogspan,3562,Nissan,Rogue,Blue,2008,533876.93,51060-009,Ted Schroter,Female,Quality Control Specialist,Fort Lauderdale,United States,US,Florida,2019-06-03,0280-6091,2019-06-17,Second Class,Air,33355,993775.95,2,0.62,bankcard,Bad,14,2019-06,2,496887.975
58,Wikivu,7772,Rolls-Royce,Phantom,Blue,2013,680954.64,55319-533,Maximilien Cortez,Male,Engineer I,Oklahoma City,United States,US,Oklahoma,2018-10-26,76439-209,2019-04-25,First Class,Truck,73197,960718.44,1,0.89,jcb,Very Bad,181,2018-10,1,960718.44
59,Blognation,9085,Mercedes-Benz,CL-Class,Violet,2007,505474.42,0409-1163,Ase Giannazzi,Male,GIS Technical Architect,Boise,United States,US,Idaho,2019-06-08,53208-447,2019-04-04,Standard Class,Truck,83716,767378.13,2,0.77,maestro,Very Bad,-65,2019-06,1,383689.065
60,Skipstorm,4681,Infiniti,J,Indigo,1993,696777.09,61336-001,Chrissie Whittaker,Male,Web Developer III,Washington,United States,US,District of Columbia,2019-01-03,0615-7565,2019-06-11,Standard Class,Truck,20005,935708.53,1,0.63,laser,Okay,159,2019-01,3,935708.53
61,Thoughtworks,8104,Pontiac,Grand Prix,Fuscia,2002,550962.34,0135-0460,Chadd Firpi,Male,Administrative Assistant III,Fort Smith,United States,US,Arkansas,2019-02-23,58118-0212,2019-04-19,Standard Class,Truck,72905,807275.14,2,0.86,china-unionpay,Very Good,55,2019-02,5,403637.57
62,Photojam,5299,Chevrolet,Camaro,Yellow,2010,757579.72,53150-411,Caro Pettegre,Female,Administrative Assistant II,Detroit,United States,US,Michigan,2018-08-02,54868-6209,2019-01-26,Second Class,Air,48211,916777.9,2,0.46,china-unionpay,Very Good,177,2018-08,5,458388.95
63,Browsetype,3987,Nissan,Maxima,Maroon,1996,520683.36,60560-1072,Huberto Lawdham,Male,Actuary,Champaign,United States,US,Illinois,2018-10-01,62032-131,2019-01-18,First Class,Air,61825,936548.81,2,0.89,jcb,Very Good,109,2018-10,5,468274.405
64,Tagopia,4550,Mitsubishi,Galant,Aquamarine,2002,737510.19,52380-3101,Madonna Sultan,Female,Staff Scientist,Plano,United States,US,Texas,2018-08-23,61722-002,2019-03-09,First Class,Air,75074,752627.75,2,0.42,jcb,Very Bad,198,2018-08,1,376313.875
65,Livepath,8174,Ferrari,California,Teal,2010,577349.21,51141-1000,Tibold Glanfield,Male,Compensation Analyst,Garland,United States,US,Texas,2019-03-26,51138-212,2019-03-30,Same Day,Truck,75044,781362.73,2,0.42,jcb,Very Good,4,2019-03,5,390681.365
66,Oodoo,6995,Kia,Sportage,Yellow,2005,603904.91,0781-6523,Veriee Scrivner,Female,Registered Nurse,Indianapolis,United States,US,Indiana,2018-09-01,49288-0231,2019-06-17,Same Day,Air,46247,829499.12,2,0.45,jcb,Good,289,2018-09,4,414749.56
67,Blogtags,8129,Volvo,V50,Goldenrod,2011,687399.66,43196-514,Cristian Peschka,Male,Occupational Therapist,Fayetteville,United States,US,North Carolina,2018-07-05,0173-0838,2019-03-18,Same Day,Truck,28305,741827.31,2,0.49,mastercard,Very Bad,256,2018-07,1,370913.655
68,Gigashots,8854,Nissan,Sentra,Yellow,2006,567121.2,0517-0033,Ethelred Thorington,Male,Tax Accountant,San Antonio,United States,US,Texas,2019-03-06,57237-101,2019-04-02,Same Day,Air,78220,849446.97,1,0.42,visa,Very Bad,27,2019-03,1,849446.97
69,Pixoboo,779,Dodge,Sprinter,Purple,2006,713189.06,63824-750,Desi Feldbaum,Male,Quality Engineer,Nashville,United States,US,Tennessee,2019-05-26,68151-1020,2019-01-04,Second Class,Truck,37205,717444.55,1,0.36,jcb,Very Good,-142,2019-05,5,717444.55
70,Zooxo,7841,Mercedes-Benz,SL-Class,Blue,2000,693279.61,64980-183,Winna Heber,Female,Automation Specialist IV,Kansas City,United States,US,Missouri,2018-12-31,0054-0254,2019-05-08,First Class,Air,64136,723633.61,2,0.3,china-unionpay,Very Good,128,2018-12,5,361816.805
71,Fivespan,9355,Volvo,C70,Turquoise,1999,669557.49,35356-844,Blondie Pirie,Female,Business Systems Development Analyst,Birmingham,United States,US,Alabama,2019-01-28,55316-249,2019-04-03,Standard Class,Air,35290,979593.39,2,0.67,jcb,Okay,65,2019-01,3,489796.695
72,Linkbuzz,9824,Dodge,Ram Van 3500,Goldenrod,2001,508230.44,68180-403,Lynde Kiezler,Female,Biostatistician II,Birmingham,United States,US,Alabama,2018-07-23,10370-116,2019-03-12,First Class,Air,35231,959819.33,2,0.88,china-unionpay,Okay,232,2018-07,3,479909.665
73,DabZ,2631,Cadillac,XLR,Red,2008,545080.04,24987-562,Morie Mowsdell,Male,Librarian,Glendale,United States,US,Arizona,2019-06-05,61748-014,2019-03-28,Standard Class,Air,85311,752558.4,1,0.83,diners-club-carte-blanche,Very Good,-69,2019-06,5,752558.4
74,Jazzy,149,Isuzu,Trooper,Puce,1992,656202.16,54868-4250,Giusto Bollis,Male,Geological Engineer,Brockton,United States,US,Massachusetts,2019-04-25,59262-601,2019-06-13,Same Day,Truck,2305,941994.61,1,0.36,china-unionpay,Bad,49,2019-04,2,941994.61
75,Dabtype,8521,Toyota,MR2,Puce,2001,505282.4,53499-0390,Marwin Francescozzi,Male,VP Marketing,Arlington,United States,US,Texas,2018-09-23,63824-271,2019-05-30,Second Class,Truck,76096,779114.68,1,0.43,diners-club-carte-blanche,Very Bad,249,2018-09,1,779114.68
76,Thoughtstorm,9453,Audi,A8,Red,2003,601030.83,13537-110,Anatollo Pow,Male,GIS Technical Architect,Albany,United States,US,New York,2019-04-26,0378-9104,2019-01-27,Second Class,Air,12255,860641.97,2,0.74,maestro,Okay,-89,2019-04,3,430320.985
77,Vimbo,4876,Dodge,Ram 2500,Blue,2008,553348.39,41520-199,Arlinda Stocker,Female,VP Accounting,Dallas,United States,US,Texas,2018-11-20,51141-2000,2019-04-06,Second Class,Air,75221,852540.42,2,0.45,diners-club-us-ca,Okay,137,2018-11,3,426270.21
78,Fadeo,7833,Mitsubishi,Precis,Aquamarine,1994,766396.94,0944-4351,Joan Beddon,Female,Marketing Manager,Seattle,United States,US,Washington,2018-12-15,51367-008,2019-05-24,Second Class,Air,98127,899946.21,1,0.8,jcb,Bad,160,2018-12,2,899946.21
79,Thoughtstorm,2755,Oldsmobile,Bravada,Teal,2004,707517.46,76519-1017,Blythe Lampens,Female,Accountant I,Atlanta,United States,US,Georgia,2019-04-14,61748-017,2019-05-29,Second Class,Air,31132,954701.77,2,0.29,jcb,Okay,45,2019-04,3,477350.885
80,Eadel,9933,Buick,Regal,Purple,1989,667039.78,45963-538,Ozzie Oade,Male,Database Administrator III,Orlando,United States,US,Florida,2018-09-15,0904-0304,2019-05-11,Same Day,Truck,32803,830149.53,2,0.58,diners-club-enroute,Very Good,238,2018-09,5,415074.765
81,Yabox,4829,Oldsmobile,Ciera,Violet,1993,546889.09,64117-252,Niels Bushe,Male,Desktop Support Technician,Birmingham,United States,US,Alabama,2019-06-17,64455-994,2019-05-27,Second Class,Truck,35263,850167.91,1,0.76,jcb,Very Bad,-21,2019-06,1,850167.91
82,Muxo,4514,Nissan,Frontier,Pink,2006,688767.81,43269-669,Vidovic Elwood,Male,Nuclear Power Engineer,San Antonio,United States,US,Texas,2019-05-25,25010-215,2019-05-01,Same Day,Truck,78285,723947.52,1,0.27,jcb,Bad,-24,2019-05,2,723947.52
83,Zazio,4469,Cadillac,Seville,Maroon,2004,778797.87,0185-0157,Hymie Swyndley,Male,Senior Cost Accountant,Brooklyn,United States,US,New York,2018-12-26,51514-0333,2019-03-13,Second Class,Air,11236,881348.59,2,0.86,jcb,Very Bad,77,2018-12,1,440674.295
84,Tagfeed,3865,Kia,Optima,Violet,2002,620793.44,24208-544,Sharron Cranna,Female,Staff Scientist,Baton Rouge,United States,US,Louisiana,2018-07-16,0268-6706,2019-02-04,Same Day,Air,70820,861113.04,1,0.82,jcb,Bad,203,2018-07,2,861113.04
85,Fatz,5712,Nissan,Sentra,Pink,1999,777163.99,29149-001,Ericha Hagard,Female,Account Representative IV,Phoenix,United States,US,Arizona,2018-08-04,66715-9735,2019-04-14,Same Day,Air,85099,992886.7,2,0.48,mastercard,Very Bad,253,2018-08,1,496443.35
86,Camido,8687,Volvo,V50,Pink,2010,545741.7,0299-5980,Charin Henriksson,Female,Research Assistant III,Daytona Beach,United States,US,Florida,2018-09-25,64127-085,2019-05-27,Standard Class,Truck,32128,885892.96,2,0.77,china-unionpay,Very Bad,244,2018-09,1,442946.48
87,Roodel,9633,Honda,Ridgeline,Pink,2007,662004.26,0067-2039,Dinny O'Cooney,Female,Financial Analyst,Tampa,United States,US,Florida,2019-05-30,59779-949,2019-01-04,Same Day,Air,33620,998843.29,2,0.63,jcb,Good,-146,2019-05,4,499421.645
88,Gigazoom,7989,Pontiac,GTO,Pink,1970,696179.72,55714-4426,Alphard Quantrill,Male,Programmer Analyst IV,Phoenix,United States,US,Arizona,2019-04-01,31720-208,2019-02-17,First Class,Air,85025,858307.07,2,0.38,jcb,Good,-43,2019-04,4,429153.535
89,Omba,4440,Chevrolet,Suburban 1500,Green,2003,714262.33,37808-008,Niven Derrington,Male,Research Assistant IV,Fort Smith,United States,US,Arkansas,2019-02-14,52183-369,2019-01-22,Standard Class,Air,72905,784074.72,1,0.41,maestro,Good,-23,2019-02,4,784074.72
90,Innotype,5252,Nissan,Maxima,Turquoise,2009,658004.98,0065-0643,Theodoric Padley,Male,Staff Accountant III,Los Angeles,United States,US,California,2019-05-25,0462-0395,2019-04-07,Standard Class,Truck,90025,749917.29,1,0.83,mastercard,Very Bad,-48,2019-05,1,749917.29
91,Kwimbee,4942,Volkswagen,Rabbit,Maroon,2009,679304.05,53746-102,Ada Strange,Female,Help Desk Operator,Charlottesville,United States,US,Virginia,2019-06-01,52731-7023,2019-03-31,Second Class,Air,22908,888417.08,2,0.63,visa-electron,Good,-62,2019-06,4,444208.54
92,Jayo,232,Mazda,Miata MX-5,Crimson,2005,739132.03,55700-020,Gabriello Hegdonne,Male,Technical Writer,Wichita,United States,US,Kansas,2019-05-03,58118-0017,2019-05-24,Standard Class,Air,67230,989524.24,1,0.84,jcb,Very Bad,21,2019-05,1,989524.24
93,Skiptube,7064,Pontiac,Grand Prix,Fuscia,1978,720963.77,0206-2100,Gussy Murison,Female,Chemical Engineer,Saint Paul,United States,US,Minnesota,2019-05-31,67345-0784,2019-03-21,Same Day,Truck,55127,820595.53,2,0.36,americanexpress,Very Bad,-71,2019-05,1,410297.765
94,Shuffledrive,6292,Audi,RS 4,Blue,2008,716932.67,68462-179,Haley Nockells,Female,Account Representative I,Louisville,United States,US,Kentucky,2019-01-05,41250-453,2019-03-28,First Class,Truck,40210,984950.9,2,0.81,jcb,Very Good,82,2019-01,5,492475.45
95,Gevee,9324,Nissan,Quest,Blue,1993,634734.96,76439-273,Abigael Smalridge,Female,Health Coach II,Tucson,United States,US,Arizona,2019-01-04,54473-241,2019-04-10,Second Class,Truck,85705,768759.71,2,0.59,jcb,Very Good,96,2019-01,5,384379.855
96,Twitterlist,8159,Ford,Mustang,Maroon,1994,798765.11,52959-144,Gunther Stubbs,Male,Chief Design Engineer,Saint Louis,United States,US,Missouri,2018-11-03,57627-156,2019-03-20,First Class,Air,63169,881654.49,1,0.81,jcb,Bad,137,2018-11,2,881654.49
97,Midel,9814,Lexus,GS,Puce,2013,650995.54,64205-101,Wallas Lewing,Male,Structural Analysis Engineer,Durham,United States,US,North Carolina,2019-05-10,63830-221,2019-04-04,Same Day,Truck,27705,733932.62,1,0.66,jcb,Very Bad,-36,2019-05,1,733932.62
98,Skilith,9174,Nissan,370Z,Mauv,2009,734064.83,54868-6077,Osgood Dunkerk,Male,Safety Technician IV,Topeka,United States,US,Kansas,2018-08-02,31722-731,2019-05-29,Second Class,Air,66629,906383.42,2,0.29,bankcard,Very Good,300,2018-08,5,453191.71
99,Talane,7925,Jeep,Wrangler,Blue,1998,566961.7,0555-0140,Alvinia Alasdair,Female,Help Desk Operator,Los Angeles,United States,US,California,2018-10-11,43353-914,2019-01-11,Second Class,Truck,90015,768636.97,2,0.57,china-unionpay,Okay,92,2018-10,3,384318.485
100,Chatterbridge,6395,Honda,S2000,Green,2003,636898.53,65691-0105,Arleta Blondelle,Female,General Manager,Shawnee Mission,United States,US,Kansas,2019-04-23,55648-787,2019-06-03,First Class,Truck,66286,827097.96,1,0.75,visa,Very Bad,41,2019-04,1,827097.96
101,Skipfire,8034,Cadillac,CTS-V,Red,2009,641631.95,55154-9357,Barbie Bridywater,Female,Dental Hygienist,Jamaica,United States,US,New York,2018-10-25,59614-298,2019-02-12,Standard Class,Air,11431,863138.65,2,0.53,china-unionpay,Okay,110,2018-10,3,431569.325
102,Fivebridge,7619,GMC,Suburban 1500,Red,1999,724303.85,52125-866,Curcio Januszewski,Male,Project Manager,Denver,United States,US,Colorado,2018-08-25,59630-574,2019-02-20,Second Class,Truck,80243,898660.85,2,0.49,china-unionpay,Good,179,2018-08,4,449330.425
103,Realcube,7023,Chevrolet,Sportvan G30,Teal,1995,679976.16,54458-907,Georgiana Decker,Female,Financial Analyst,Olympia,United States,US,Washington,2019-03-29,43742-0489,2019-04-17,Standard Class,Truck,98516,955190.63,2,0.78,switch,Very Bad,19,2019-03,1,477595.315
104,Skivee,7855,Chevrolet,Express 1500,Red,2004,665876.6,33261-228,Angus Bilbey,Male,Analyst Programmer,Washington,United States,US,District of Columbia,2018-11-08,50181-0003,2019-04-02,Standard Class,Truck,20299,986265.39,1,0.3,switch,Very Bad,145,2018-11,1,986265.39
105,Chatterbridge,4571,Cadillac,Escalade,Red,2007,514525.98,11584-1060,Gerek Timmins,Male,Physical Therapy Assistant,Apache Junction,United States,US,Arizona,2019-04-22,49348-553,2019-03-09,Standard Class,Air,85219,700375.26,2,0.67,jcb,Very Good,-44,2019-04,5,350187.63
106,Buzzbean,184,Pontiac,Grand Am,Turquoise,1996,543539.17,0363-1024,Garald Shepland,Male,Cost Accountant,Baton Rouge,United States,US,Louisiana,2018-07-02,45963-346,2019-01-19,Second Class,Truck,70826,918972.63,1,0.32,mastercard,Good,201,2018-07,4,918972.63
107,Voonix,4143,Toyota,Sequoia,Green,2008,563223.72,50268-452,Michelle McLagain,Female,Human Resources Assistant IV,Jacksonville,United States,US,Florida,2018-12-23,0270-0149,2019-02-23,Same Day,Truck,32236,742527.92,1,0.45,jcb,Bad,62,2018-12,2,742527.92
108,Thoughtblab,8525,Toyota,Celica,Yellow,1994,739368.39,37808-817,Morgun Pfaff,Male,Senior Quality Engineer,Pensacola,United States,US,Florida,2018-12-06,36800-443,2019-03-10,First Class,Air,32575,862137.37,2,0.27,jcb,Bad,94,2018-12,2,431068.685
109,Yakitri,9229,BMW,M3,Violet,2011,543026.94,68084-009,Carmel Gentzsch,Female,Research Nurse,Winston Salem,United States,US,North Carolina,2018-07-24,0904-5186,2019-05-25,Standard Class,Air,27157,956235.6,2,0.73,jcb,Very Bad,305,2018-07,1,478117.8
110,Zoozzy,8155,Land Rover,Range Rover,Crimson,1986,569435.74,65862-599,Paton Clynman,Male,VP Sales,El Paso,United States,US,Texas,2019-04-26,53808-0251,2019-01-16,Standard Class,Truck,88584,981365.77,1,0.36,visa,Very Good,-100,2019-04,5,981365.77
111,Demivee,720,Mitsubishi,Mirage,Puce,1998,593076.64,51918-1001,Danya Lambis,Male,Staff Scientist,Fort Worth,United States,US,Texas,2019-03-20,65044-1060,2019-04-03,Second Class,Truck,76134,990328.59,2,0.29,visa-electron,Bad,14,2019-03,2,495164.295
112,Meedoo,9609,Isuzu,Oasis,Mauv,1996,522435.2,55154-6127,Robbert Goodhand,Male,Senior Editor,Provo,United States,US,Utah,2018-09-23,0378-1045,2019-01-28,Second Class,Air,84605,976754.62,2,0.7,visa-electron,Bad,127,2018-09,2,488377.31
113,Zoovu,7713,Cadillac,Seville,Khaki,1997,580966.08,36987-2014,Freeman Firbank,Male,Recruiting Manager,Madison,United States,US,Wisconsin,2019-06-10,0781-5526,2019-04-16,First Class,Truck,53790,895368.03,2,0.28,jcb,Bad,-55,2019-06,2,447684.015
114,Yotz,7535,Pontiac,Bonneville,Puce,1999,723754.77,61598-200,Bobbi Collingdon,Female,Legal Assistant,San Antonio,United States,US,Texas,2018-11-15,16590-954,2019-05-26,Standard Class,Truck,78220,935004.75,2,0.74,switch,Very Good,192,2018-11,5,467502.375
115,Skinix,695,Ford,Flex,Indigo,2010,563453.56,55315-455,Eddi Merryweather,Female,Occupational Therapist,New York City,United States,US,New York,2019-01-17,55301-619,2019-02-17,Same Day,Truck,10203,774003.01,2,0.57,diners-club-carte-blanche,Good,31,2019-01,4,387001.505
116,Vinte,4198,Honda,Accord,Blue,2011,745757.69,59078-039,Judy Hunt,Female,VP Marketing,New Orleans,United States,US,Louisiana,2018-06-25,0049-4940,2019-03-25,Same Day,Truck,70160,951211.32,1,0.72,diners-club-carte-blanche,Okay,273,2018-06,3,951211.32
117,Brainsphere,1291,Buick,Rainier,Green,2007,564899.94,68026-544,Gustave Velte,Male,Project Manager,Birmingham,United States,US,Alabama,2019-01-21,0781-6135,2019-06-04,Standard Class,Truck,35295,800301.44,1,0.53,jcb,Okay,134,2019-01,3,800301.44
118,Vipe,7949,Honda,Pilot,Mauv,2010,663125.07,21695-835,Nellie Lockier,Female,Senior Editor,Reno,United States,US,Nevada,2018-12-24,41250-318,2019-03-06,Standard Class,Air,89510,743330.27,1,0.29,switch,Okay,72,2018-12,3,743330.27
119,Innotype,7076,Mercedes-Benz,400SEL,Teal,1993,519500.85,68084-713,Stanford Rusted,Male,Editor,Morgantown,United States,US,West Virginia,2019-06-01,52125-266,2019-03-07,Standard Class,Air,26505,914405.05,1,0.57,visa,Very Good,-86,2019-06,5,914405.05
120,Gabspot,8231,Subaru,Impreza,Blue,2003,712744.35,49349-191,Richardo Beaver,Male,Programmer II,San Antonio,United States,US,Texas,2018-11-29,0093-5514,2019-01-21,Same Day,Truck,78291,945325.6,1,0.68,americanexpress,Good,53,2018-11,4,945325.6
121,Rooxo,8139,Dodge,Stratus,Indigo,1997,786558.98,0067-6045,Onofredo Breede,Male,Programmer Analyst I,Berkeley,United States,US,California,2019-05-12,11822-0442,2019-05-12,Same Day,Air,94705,821296.41,2,0.66,mastercard,Good,0,2019-05,4,410648.205
122,Twitterworks,503,Ford,F350,Khaki,2009,505526.69,10096-0158,Vanni Usher,Female,Product Engineer,Bethesda,United States,US,Maryland,2018-07-20,76420-611,2019-04-29,Second Class,Air,20892,855201.29,2,0.67,americanexpress,Very Bad,283,2018-07,1,427600.645
123,Edgewire,2199,Buick,Riviera,Turquoise,1989,764479.19,0574-0427,Arlette Cattanach,Female,Editor,Seattle,United States,US,Washington,2018-07-29,0363-0438,2019-01-23,Same Day,Air,98104,872185.79,1,0.81,switch,Bad,178,2018-07,2,872185.79
124,Riffwire,695,Honda,Accord,Turquoise,1988,763573.51,52125-271,Gratiana Dunkley,Female,Structural Analysis Engineer,Torrance,United States,US,California,2018-11-18,50436-4842,2019-02-13,First Class,Air,90505,861041.91,1,0.75,visa-electron,Bad,87,2018-11,2,861041.91
125,Myworks,5712,Toyota,4Runner,Mauv,2010,733427.36,0904-6277,Pincas Thorpe,Male,Programmer Analyst IV,Norwalk,United States,US,Connecticut,2019-04-17,59779-129,2019-03-21,First Class,Truck,6854,924311.1,1,0.41,jcb,Very Bad,-27,2019-04,1,924311.1
126,Yombu,4530,Honda,Accord,Green,2003,712232.05,49715-019,Babbette Champken,Female,Internal Auditor,Birmingham,United States,US,Alabama,2018-07-06,42808-201,2019-01-04,Second Class,Air,35242,761383.2,2,0.8,jcb,Bad,182,2018-07,2,380691.6
127,Mycat,1955,GMC,Canyon,Orange,2008,799454.24,60505-3780,Ade Mityashev,Male,Senior Developer,Cincinnati,United States,US,Ohio,2018-10-10,59746-216,2019-01-08,Same Day,Air,45203,781571.38,1,0.3,mastercard,Good,90,2018-10,4,781571.38
128,Wordify,245,Chevrolet,Suburban 1500,Purple,1997,677203.05,49288-0302,Ody Karolczyk,Male,Office Assistant II,Madison,United States,US,Wisconsin,2019-06-12,68428-112,2019-05-13,First Class,Truck,53710,765985.31,2,0.89,jcb,Okay,-30,2019-06,3,382992.655
129,Oyoloo,8159,Lexus,IS-F,Fuscia,2010,540377.33,62175-891,Artie Ride,Male,Geologist I,Hartford,United States,US,Connecticut,2018-12-13,51393-6668,2019-03-16,Standard Class,Air,6160,849594.22,1,0.68,jcb,Okay,93,2018-12,3,849594.22
130,Livetube,7915,Toyota,Prius,Purple,2003,673084.72,50036-571,Harrietta Fealey,Female,Help Desk Technician,Richmond,United States,US,Virginia,2018-12-29,0096-0738,2019-04-12,Second Class,Truck,23213,957562.51,2,0.49,jcb,Good,104,2018-12,4,478781.255
131,Youspan,9827,GMC,Acadia,Maroon,2010,662222.31,47335-203,Kahaleel Rosengart,Male,Accountant IV,Spokane,United States,US,Washington,2018-12-23,67544-023,2019-05-02,First Class,Truck,99205,807033.52,2,0.37,china-unionpay,Okay,130,2018-12,3,403516.76
132,Livetube,6563,Dodge,Ram 2500,Teal,1995,674793.45,55714-4401,Fitz Gretton,Male,Project Manager,Charlotte,United States,US,North Carolina,2018-09-20,50580-778,2019-02-06,First Class,Air,28235,912235.25,2,0.54,solo,Bad,139,2018-09,2,456117.625
133,Digitube,9606,Mazda,MX-6,Turquoise,1996,520410.55,36800-004,Steven Enders,Male,Assistant Media Planner,Tampa,United States,US,Florida,2019-02-20,65003-018,2019-05-29,Standard Class,Truck,33673,891475.99,1,0.58,diners-club-enroute,Very Bad,98,2019-02,1,891475.99
134,Rooxo,6552,GMC,Yukon XL 1500,Crimson,2010,698915.25,51141-5000,Sabine Maude,Female,Tax Accountant,Houston,United States,US,Texas,2018-08-19,42254-168,2019-03-10,First Class,Air,77035,759267.76,1,0.5,mastercard,Very Good,203,2018-08,5,759267.76
135,Dynazzy,3501,Kia,Sorento,Purple,2011,734569.89,65342-0001,Bill Richten,Female,Compensation Analyst,Fresno,United States,US,California,2018-07-10,30142-910,2019-04-11,First Class,Air,93709,767218.08,1,0.66,maestro,Very Bad,275,2018-07,1,767218.08
136,Gabtype,321,Nissan,Maxima,Red,2008,671133.91,37205-664,Yalonda Lampert,Female,Business Systems Development Analyst,Honolulu,United States,US,Hawaii,2018-10-06,30142-199,2019-05-30,Same Day,Truck,96825,919450.3,1,0.49,jcb,Bad,236,2018-10,2,919450.3
137,Kanoodle,2171,Mercedes-Benz,S-Class,Puce,1998,767605.11,68151-0329,Georgiana Basilone,Female,Cost Accountant,Tampa,United States,US,Florida,2019-06-09,64536-1269,2019-05-23,First Class,Truck,33633,821251.58,2,0.5,jcb,Very Bad,-17,2019-06,1,410625.79
138,Linktype,4107,Jaguar,XK,Pink,2007,633327.69,61786-020,Irving Winear,Male,Speech Pathologist,Washington,United States,US,District of Columbia,2018-07-14,55714-4418,2019-04-05,Same Day,Truck,20392,974671.7,2,0.25,americanexpress,Good,265,2018-07,4,487335.85
139,Latz,5499,BMW,X3,Pink,2006,593715.78,24488-027,Trey Jirick,Male,Senior Cost Accountant,Allentown,United States,US,Pennsylvania,2019-05-17,43742-0197,2019-02-27,Second Class,Truck,18105,990521.11,1,0.66,jcb,Very Good,-79,2019-05,5,990521.11
140,Ainyx,9955,Mitsubishi,Diamante,Turquoise,2000,797965.14,47682-903,Lane Boreham,Male,Web Designer II,San Antonio,United States,US,Texas,2018-10-19,58466-033,2019-05-16,Second Class,Air,78250,767372.51,2,0.41,jcb,Okay,209,2018-10,3,383686.255
141,Avavee,6011,Toyota,Venza,Indigo,2012,723482.26,0113-0277,Heywood Matuszkiewicz,Male,Information Systems Manager,Atlanta,United States,US,Georgia,2019-04-03,49288-0368,2019-01-10,Standard Class,Truck,30375,935442.83,2,0.39,visa,Very Good,-83,2019-04,5,467721.415
142,Kazu,5285,Infiniti,EX,Crimson,2009,607293.44,68220-160,Renato Bahike,Male,Accounting Assistant II,Washington,United States,US,District of Columbia,2018-11-29,65044-2215,2019-05-04,Second Class,Air,20220,736586.79,2,0.6,jcb,Very Good,156,2018-11,5,368293.395
143,Cogidoo,8077,Hyundai,Genesis,Turquoise,2010,726772.89,55111-697,Guilbert Twitchett,Male,Programmer I,Newark,United States,US,New Jersey,2019-01-19,68703-100,2019-01-05,Same Day,Truck,7195,997480.97,2,0.27,jcb,Very Bad,-14,2019-01,1,498740.485
144,Abata,9602,Morgan,Aero 8,Violet,2007,676878.44,30142-104,Germayne Meryett,Male,Speech Pathologist,Bakersfield,United States,US,California,2019-04-23,11822-2683,2019-04-13,Standard Class,Truck,93311,877185.43,2,0.72,diners-club-enroute,Bad,-10,2019-04,2,438592.715
145,Voonyx,7713,Eagle,Vision,Green,1996,711788.28,49884-949,Bail Starkie,Male,Senior Quality Engineer,Morgantown,United States,US,West Virginia,2018-11-05,51862-216,2019-04-12,Second Class,Truck,26505,706160.79,2,0.79,diners-club-us-ca,Very Bad,158,2018-11,1,353080.395
146,Yata,5103,Saab,900,Aquamarine,1989,798837.47,52959-880,Sonya Briscam,Female,Assistant Media Planner,West Hartford,United States,US,Connecticut,2018-10-10,68382-032,2019-01-24,First Class,Air,6127,801115.22,1,0.63,jcb,Okay,106,2018-10,3,801115.22
147,Shuffledrive,3332,Mercury,Sable,Green,1999,621305.74,42043-171,Tove Arrundale,Female,Engineer III,Bronx,United States,US,New York,2019-01-31,63304-590,2019-01-01,Same Day,Truck,10454,762009.69,2,0.33,jcb,Good,-30,2019-01,4,381004.845
148,Trunyx,8964,Lamborghini,Gallardo,Puce,2010,642557.99,59779-115,Haskell Gilfether,Male,Database Administrator IV,Portland,United States,US,Oregon,2018-10-18,13630-0035,2019-02-27,Second Class,Truck,97286,892976.72,1,0.6,switch,Very Bad,132,2018-10,1,892976.72
149,Dazzlesphere,2189,Lamborghini,Murciélago,Crimson,2008,587427.52,68151-4021,Ora Banghe,Female,Associate Professor,Tampa,United States,US,Florida,2018-09-13,0268-0282,2019-05-20,Standard Class,Air,33605,977796.57,2,0.4,visa-electron,Very Good,249,2018-09,5,488898.285
150,Youbridge,1741,Toyota,Tacoma Xtra,Khaki,1996,600983.11,67046-017,Cirstoforo Pitsall,Male,Senior Editor,Tampa,United States,US,Florida,2018-10-17,52667-001,2019-02-08,Second Class,Air,33673,926029.04,2,0.87,bankcard,Very Good,114,2018-10,5,463014.52
151,Aibox,5523,Mitsubishi,GTO,Purple,1999,605573.45,69152-0006,Ermina Brambill,Female,Operator,Independence,United States,US,Missouri,2019-05-29,68770-120,2019-06-03,Second Class,Air,64054,743622.93,2,0.74,jcb,Very Bad,5,2019-05,1,371811.465
152,Tagtune,4874,Nissan,Maxima,Violet,1997,724973.08,49348-274,Roberto Voase,Male,Structural Engineer,Los Angeles,United States,US,California,2018-12-14,21695-388,2019-06-13,Same Day,Truck,90020,744128.64,1,0.89,mastercard,Okay,181,2018-12,3,744128.64
153,Oozz,981,Dodge,Viper,Puce,2004,568613.03,53620-101,Zea O'Dooghaine,Female,Research Associate,Concord,United States,US,California,2018-07-03,43742-0012,2019-04-12,Second Class,Air,94522,875011.94,2,0.33,americanexpress,Bad,283,2018-07,2,437505.97
154,Fadeo,8739,Buick,Regal,Yellow,2002,524700.33,43353-754,Geoffrey Ackermann,Male,Pharmacist,Saint Cloud,United States,US,Minnesota,2019-04-13,55289-720,2019-05-13,Same Day,Truck,56372,961575.66,1,0.84,mastercard,Very Good,30,2019-04,5,961575.66
155,Centizu,1811,Volkswagen,Jetta,Orange,1997,504405.29,0065-0454,Leela Gregolin,Female,Legal Assistant,Minneapolis,United States,US,Minnesota,2019-05-12,76049-002,2019-03-15,First Class,Truck,55470,986893.25,1,0.61,jcb,Very Bad,-58,2019-05,1,986893.25
156,Yozio,7674,Jaguar,XK Series,Maroon,2005,633145.47,66758-004,Wilmar Rennebach,Male,Clinical Specialist,Alexandria,United States,US,Virginia,2018-11-30,62011-0200,2019-02-14,Same Day,Air,22313,881577.52,2,0.87,jcb,Bad,76,2018-11,2,440788.76
157,Skinix,5771,Toyota,Matrix,Turquoise,2011,612526.42,65044-6693,Rafaelia Grzeskowski,Female,Research Associate,Pittsburgh,United States,US,Pennsylvania,2018-12-22,59062-1381,2019-03-10,Second Class,Air,15235,832307.58,2,0.45,visa-electron,Good,78,2018-12,4,416153.79
158,Skidoo,9232,Suzuki,Sidekick,Blue,1992,541872.99,0121-0772,Allissa Gwilt,Female,General Manager,Topeka,United States,US,Kansas,2018-06-19,10742-8152,2019-04-23,Second Class,Air,66622,781324.74,1,0.6,mastercard,Very Good,308,2018-06,5,781324.74
159,Ainyx,2182,Mazda,MX-3,Purple,1994,614853.62,66497-0001,Maxim Aizlewood,Male,Biostatistician I,Long Beach,United States,US,California,2019-05-07,11716-0003,2019-03-11,Second Class,Air,90810,932723.37,1,0.69,jcb,Good,-57,2019-05,4,932723.37
160,Viva,8026,Kia,Borrego,Green,2009,700402.15,49348-616,Yasmeen Ridulfo,Female,Automation Specialist II,South Lake Tahoe,United States,US,California,2019-03-08,11410-162,2019-06-12,Same Day,Truck,96154,795220.22,2,0.3,diners-club-carte-blanche,Very Bad,96,2019-03,1,397610.11
161,Skipfire,8499,Chevrolet,HHR,Turquoise,2007,754328.07,63565-0001,Modesta Canedo,Female,Software Consultant,Richmond,United States,US,Virginia,2018-09-29,68546-325,2019-04-27,Same Day,Truck,23242,969791.15,1,0.45,jcb,Okay,210,2018-09,3,969791.15
162,Kayveo,5751,GMC,Yukon XL 2500,Crimson,2003,589447.2,59262-259,Josey Pargetter,Female,Statistician III,Phoenix,United States,US,Arizona,2018-12-26,11822-0413,2019-05-19,Standard Class,Truck,85053,754756.67,1,0.88,jcb,Good,144,2018-12,4,754756.67
163,Layo,600,Mitsubishi,Endeavor,Aquamarine,2006,753865.45,11564-003,Kendra Pearmine,Female,Recruiter,Washington,United States,US,District of Columbia,2018-08-21,0187-2615,2019-04-16,Same Day,Truck,20599,777555.76,1,0.71,bankcard,Very Good,238,2018-08,5,777555.76
164,Devshare,3834,Chevrolet,Aveo,Yellow,2006,658182.03,66336-099,Kimbell Trawin,Male,Dental Hygienist,Dallas,United States,US,Texas,2018-09-20,64117-136,2019-05-20,Standard Class,Truck,75226,725711.13,2,0.39,jcb,Good,242,2018-09,4,362855.565
165,Wikibox,7671,BMW,525,Blue,2002,636186.89,63629-3279,Millard Rathmell,Male,Programmer III,Seattle,United States,US,Washington,2019-04-26,50436-9803,2019-01-25,Same Day,Truck,98185,722891.11,2,0.53,americanexpress,Bad,-91,2019-04,2,361445.555
166,Jabbersphere,8117,Toyota,Matrix,Goldenrod,2012,743995.56,0168-0277,Sheryl Flasby,Female,Marketing Assistant,Suffolk,United States,US,Virginia,2018-07-11,67467-182,2019-05-22,First Class,Air,23436,711417.21,1,0.31,jcb,Okay,315,2018-07,3,711417.21
167,Realmix,2757,Toyota,4Runner,Mauv,2000,542786.28,35356-251,Editha Harpham,Female,GIS Technical Architect,Tacoma,United States,US,Washington,2019-02-08,49580-0390,2019-01-05,Second Class,Air,98442,758476.1,1,0.78,visa-electron,Very Good,-34,2019-02,5,758476.1
168,Kazu,301,Pontiac,Montana,Purple,2006,710720.19,76433-002,Eran Meece,Female,Help Desk Operator,Waterbury,United States,US,Connecticut,2019-03-09,75987-021,2019-05-13,Second Class,Air,6721,940192.17,1,0.6,instapayment,Okay,65,2019-03,3,940192.17
169,Skinix,3404,Nissan,Frontier,Orange,2007,644916.53,10348-010,Saloma Dilley,Female,Project Manager,New York City,United States,US,New York,2018-11-26,43742-0206,2019-01-08,Second Class,Air,10110,787798.65,2,0.83,diners-club-enroute,Okay,43,2018-11,3,393899.325
170,Abata,522,GMC,2500 Club Coupe,Puce,1993,715190.72,0699-7051,Francois Tankard,Male,Office Assistant II,Chicago,United States,US,Illinois,2019-03-09,53808-0369,2019-05-25,Standard Class,Truck,60614,929803.73,1,0.48,jcb,Okay,77,2019-03,3,929803.73
171,Feedbug,9927,Isuzu,Hombre Space,Maroon,2000,688506.62,68788-9141,Aile Rodell,Female,Assistant Professor,Boise,United States,US,Idaho,2019-04-20,54868-4101,2019-03-27,Standard Class,Truck,83711,896394.92,2,0.71,diners-club-enroute,Okay,-24,2019-04,3,448197.46
172,Jetwire,5419,Buick,Century,Crimson,1991,682260.42,0268-0654,Datha Christon,Female,VP Accounting,Amarillo,United States,US,Texas,2019-04-03,76340-9001,2019-04-07,Same Day,Truck,79171,803441.55,2,0.5,jcb,Okay,4,2019-04,3,401720.775
173,Divanoodle,6719,Ford,Taurus,Indigo,2010,717536.91,42549-497,Ryann Torel,Female,Paralegal,Chicago,United States,US,Illinois,2019-05-23,63323-125,2019-02-13,Same Day,Air,60686,827766.0,2,0.54,jcb,Bad,-99,2019-05,2,413883.0
174,Quamba,702,Maserati,Gran Sport,Violet,2005,731358.51,53305-074,Addy Kale,Male,Media Manager II,Hartford,United States,US,Connecticut,2019-04-17,10122-321,2019-05-28,Same Day,Truck,6160,916848.99,1,0.88,diners-club-enroute,Very Good,41,2019-04,5,916848.99
175,Babblestorm,966,Toyota,Tacoma,Goldenrod,2001,780956.91,43269-780,Armstrong Cripin,Male,Chemical Engineer,South Bend,United States,US,Indiana,2019-04-17,49999-885,2019-03-11,Standard Class,Air,46620,848006.6,2,0.34,jcb,Very Bad,-37,2019-04,1,424003.3
176,Twitterworks,292,Mercedes-Benz,SL-Class,Yellow,2011,749804.88,53603-1006,Gonzales Shoard,Male,Community Outreach Specialist,El Paso,United States,US,Texas,2019-05-19,68788-0686,2019-04-08,Standard Class,Truck,88558,914755.73,1,0.8,mastercard,Very Bad,-41,2019-05,1,914755.73
177,Quatz,205,Isuzu,Amigo,Indigo,1993,625746.04,68151-1471,Ross Leither,Male,Automation Specialist IV,Saint Louis,United States,US,Missouri,2019-04-02,0019-0862,2019-03-21,Standard Class,Air,63150,946127.7,2,0.74,laser,Okay,-12,2019-04,3,473063.85
178,Kanoodle,5599,Oldsmobile,Regency,Puce,1997,512516.0,49349-272,Willard France,Male,VP Product Management,Waltham,United States,US,Massachusetts,2019-01-21,52862-008,2019-04-07,Second Class,Air,2453,700321.49,2,0.4,visa-electron,Bad,76,2019-01,2,350160.745
179,Rhynyx,5183,Lincoln,Continental Mark VII,Purple,1988,790037.34,63029-633,Claudius Ranaghan,Male,Programmer II,Oklahoma City,United States,US,Oklahoma,2018-09-14,41520-678,2019-03-16,Same Day,Air,73197,770340.35,1,0.87,instapayment,Very Bad,183,2018-09,1,770340.35
180,Jamia,4650,Ford,EXP,Crimson,1987,634313.95,48951-8189,Leigh Tomeo,Female,Teacher,Washington,United States,US,District of Columbia,2018-10-08,0395-2655,2019-02-25,Second Class,Truck,20425,719142.81,2,0.74,visa-electron,Very Good,140,2018-10,5,359571.405
181,Talane,2759,Mercedes-Benz,300SL,Pink,1992,783367.8,35356-882,Burk Philpin,Male,Human Resources Manager,Minneapolis,United States,US,Minnesota,2018-10-29,53144-4001,2019-05-22,First Class,Air,55487,839888.72,2,0.48,jcb,Very Good,205,2018-10,5,419944.36
182,Jabbercube,9426,Saturn,VUE,Purple,2009,564137.06,41163-478,Dugald Deakin,Male,Senior Cost Accountant,Aurora,United States,US,Colorado,2019-04-28,55504-9003,2019-02-22,Standard Class,Truck,80044,962581.19,2,0.63,china-unionpay,Bad,-65,2019-04,2,481290.595
183,Buzzdog,8171,Chevrolet,Cruze,Orange,2011,601897.98,60429-028,Zora Kobpac,Female,Speech Pathologist,Colorado Springs,United States,US,Colorado,2019-05-12,0049-0032,2019-04-12,Same Day,Truck,80930,705474.04,2,0.86,jcb,Bad,-30,2019-05,2,352737.02
184,Devpoint,2743,Lincoln,Mark VIII,Blue,1994,625680.96,63187-181,Filippa Fowlie,Female,Cost Accountant,Los Angeles,United States,US,California,2019-06-17,33261-825,2019-02-05,First Class,Truck,90055,941370.48,2,0.87,jcb,Very Bad,-132,2019-06,1,470685.24
185,Babbleblab,3504,Mercedes-Benz,E-Class,Aquamarine,2005,763055.59,36800-010,Lula MacIllrick,Female,Food Chemist,Lincoln,United States,US,Nebraska,2018-08-11,49999-378,2019-04-16,Second Class,Truck,68583,931107.08,1,0.36,bankcard,Bad,248,2018-08,2,931107.08
186,Flashpoint,8295,Audi,A5,Goldenrod,2012,796085.49,49349-926,Pieter Gerardet,Male,GIS Technical Architect,Charleston,United States,US,West Virginia,2019-05-26,52125-019,2019-03-30,Second Class,Air,25362,934334.05,2,0.79,jcb,Very Good,-57,2019-05,5,467167.025
187,Gabspot,8232,Mercury,Grand Marquis,Crimson,1990,713675.58,62839-2810,Jarib O'Currane,Male,Clinical Specialist,Fort Worth,United States,US,Texas,2019-02-02,42858-302,2019-02-14,First Class,Truck,76129,935458.08,2,0.56,diners-club-enroute,Okay,12,2019-02,3,467729.04
188,Jabbercube,9959,Cadillac,Seville,Fuscia,2001,774642.61,55154-5676,Derick Blaasch,Male,Financial Analyst,Tucson,United States,US,Arizona,2018-09-18,11344-919,2019-02-21,Same Day,Air,85705,946737.19,1,0.34,mastercard,Good,156,2018-09,4,946737.19
189,Dabtype,3851,Chevrolet,Malibu,Puce,2013,733330.49,52686-320,Bucky Lappine,Male,Accountant II,Seattle,United States,US,Washington,2018-08-01,54868-3363,2019-05-28,First Class,Truck,98195,910290.98,2,0.36,jcb,Good,300,2018-08,4,455145.49
190,Realbuzz,6072,Hyundai,Tucson,Red,2010,544284.59,59115-130,Judah Greatbank,Male,Executive Secretary,New York City,United States,US,New York,2018-11-24,64058-242,2019-04-17,Standard Class,Air,10099,844139.5,1,0.74,visa,Good,144,2018-11,4,844139.5
191,Tagchat,9421,Mitsubishi,Truck,Goldenrod,1990,675806.28,15127-311,Allan Lipgens,Male,VP Marketing,Hollywood,United States,US,Florida,2018-10-09,65862-059,2019-01-02,Standard Class,Air,33023,816767.44,2,0.56,maestro,Good,85,2018-10,4,408383.72
192,Vinte,801,Toyota,Tacoma Xtra,Maroon,2003,530088.66,16571-150,Shir Bullent,Female,Payment Adjustment Coordinator,Phoenix,United States,US,Arizona,2019-02-09,49288-0145,2019-02-25,Second Class,Truck,85020,760486.09,1,0.79,jcb,Very Good,16,2019-02,5,760486.09
193,Fivespan,2253,Volvo,V50,Puce,2010,633559.05,54340-809,Coleen Chalder,Female,Safety Technician IV,Panama City,United States,US,Florida,2018-07-26,0179-1435,2019-04-23,Second Class,Truck,32405,766362.46,2,0.49,bankcard,Good,271,2018-07,4,383181.23
194,Wordpedia,1174,Maserati,GranTurismo,Orange,2011,752857.85,24385-549,Matty Dabinett,Male,Marketing Manager,Chula Vista,United States,US,California,2019-02-28,41900-500,2019-02-20,First Class,Air,91913,912761.13,1,0.28,china-unionpay,Good,-8,2019-02,4,912761.13
195,Babbleblab,2763,Mercedes-Benz,CLK-Class,Blue,2007,551141.75,55711-066,Dennison Chaytor,Male,Design Engineer,Naperville,United States,US,Illinois,2019-05-01,14783-438,2019-03-27,Standard Class,Truck,60567,913921.34,1,0.65,jcb,Very Good,-35,2019-05,5,913921.34
196,Skyndu,203,Pontiac,Grand Prix,Indigo,1982,592096.26,59054-140,Madelaine Ratray,Female,Software Consultant,Bronx,United States,US,New York,2019-01-05,0268-6638,2019-04-18,Same Day,Air,10464,925166.65,2,0.51,maestro,Bad,103,2019-01,2,462583.325
197,Oyondu,743,Pontiac,Firebird,Teal,1991,504433.54,43857-0026,Julia Ettery,Female,Payment Adjustment Coordinator,El Paso,United States,US,Texas,2019-03-29,52959-596,2019-05-31,Standard Class,Air,79999,713196.58,1,0.79,jcb,Very Good,63,2019-03,5,713196.58
198,Gabcube,5903,Dodge,Durango,Goldenrod,2006,574692.68,61667-001,Penny Stoter,Male,Food Chemist,Flint,United States,US,Michigan,2018-12-27,43353-538,2019-06-03,Same Day,Truck,48550,914855.62,2,0.77,americanexpress,Good,158,2018-12,4,457427.81
199,Skyble,7975,Dodge,Stratus,Green,2003,748289.4,51672-4111,Sarina Troy,Female,Mechanical Systems Engineer,Jackson,United States,US,Mississippi,2019-01-15,0517-3415,2019-05-18,Same Day,Truck,39236,914636.14,2,0.39,bankcard,Okay,123,2019-01,3,457318.07
200,Voolia,8086,Land Rover,Freelander,Crimson,2009,608622.72,55316-478,Billie Bullivant,Male,Civil Engineer,Denver,United States,US,Colorado,2019-06-08,54575-349,2019-02-05,Same Day,Truck,80255,952850.42,1,0.73,jcb,Okay,-123,2019-06,3,952850.42
201,Jazzy,600,Volkswagen,GTI,Crimson,1991,706191.64,0067-4870,Ariadne Crowth,Female,Database Administrator II,Stamford,United States,US,Connecticut,2019-01-10,24236-608,2019-02-05,First Class,Air,6922,993717.13,2,0.38,jcb,Good,26,2019-01,4,496858.565
202,Gigaclub,6994,Mazda,626,Red,1993,600392.19,53808-0737,Trudi Scapelhorn,Female,Operator,San Angelo,United States,US,Texas,2018-10-02,49288-0864,2019-01-18,Same Day,Air,76905,923600.29,2,0.77,jcb,Bad,108,2018-10,2,461800.145
203,Voonix,7846,Mercedes-Benz,GL-Class,Yellow,2012,626861.89,60429-981,Gianna Clarson,Female,Database Administrator I,Oklahoma City,United States,US,Oklahoma,2019-01-23,35000-586,2019-06-02,Standard Class,Truck,73129,791094.95,2,0.51,jcb,Okay,130,2019-01,3,395547.475
204,Photobug,3029,Saab,9-5,Yellow,2006,694876.95,59062-1227,Karalee Lackmann,Female,Quality Control Specialist,Pasadena,United States,US,California,2019-04-12,63402-515,2019-05-09,Second Class,Truck,91199,738823.53,1,0.49,jcb,Very Bad,27,2019-04,1,738823.53
205,Thoughtbeat,835,Chevrolet,Express 2500,Green,2000,500952.88,0781-1971,Nananne Itskovitz,Female,Software Test Engineer III,Savannah,United States,US,Georgia,2018-10-08,68645-151,2019-04-02,First Class,Air,31405,721150.82,2,0.87,maestro,Very Good,176,2018-10,5,360575.41
206,Youbridge,7747,BMW,530,Purple,2002,636917.06,54868-1971,Dorry Bramwich,Female,Quality Engineer,Tacoma,United States,US,Washington,2019-02-14,58118-2528,2019-05-03,Second Class,Air,98447,797594.37,1,0.79,jcb,Okay,78,2019-02,3,797594.37
207,Voonte,7841,Plymouth,Voyager,Puce,1992,666907.63,51861-010,Tuesday Horsefield,Female,Help Desk Operator,Birmingham,United States,US,Alabama,2019-01-10,65862-288,2019-01-30,Same Day,Truck,35254,979097.48,1,0.85,jcb,Very Good,20,2019-01,5,979097.48
208,Photobean,2491,GMC,1500,Yellow,1996,621950.59,0121-4675,Jourdain Kingzeth,Male,Assistant Manager,Fort Pierce,United States,US,Florida,2018-07-25,67877-169,2019-05-17,Standard Class,Air,34949,714287.99,2,0.88,diners-club-enroute,Okay,296,2018-07,3,357143.995
209,Brainlounge,9366,Pontiac,LeMans,Fuscia,1990,506364.92,66312-110,Garrett Enrdigo,Male,Structural Analysis Engineer,Huntsville,United States,US,Alabama,2018-11-05,0187-5205,2019-02-22,Same Day,Truck,35810,838836.35,2,0.87,jcb,Bad,109,2018-11,2,419418.175
210,Snaptags,1422,Kia,Mentor,Goldenrod,1997,550479.47,57337-061,Haze Asple,Male,Web Developer II,San Antonio,United States,US,Texas,2019-04-22,69097-148,2019-06-03,Same Day,Air,78225,807463.16,2,0.67,americanexpress,Okay,42,2019-04,3,403731.58
211,Zoonder,8723,GMC,Jimmy,Orange,1999,576531.57,11673-165,Edouard Gulleford,Male,Administrative Officer,Lees Summit,United States,US,Missouri,2019-01-15,44924-013,2019-01-14,Standard Class,Truck,64082,831547.06,2,0.78,jcb,Very Bad,-1,2019-01,1,415773.53
212,Ainyx,794,GMC,Canyon,Goldenrod,2007,712220.24,10819-3737,Broddy Takle,Male,Civil Engineer,Honolulu,United States,US,Hawaii,2019-02-15,0591-2230,2019-06-11,Second Class,Truck,96815,931587.86,2,0.89,visa,Very Bad,116,2019-02,1,465793.93
213,Wikizz,1279,Dodge,Ram 1500,Teal,1994,776503.93,52533-024,Elsa Fayter,Female,Senior Financial Analyst,El Paso,United States,US,Texas,2018-08-02,21695-604,2019-03-26,First Class,Air,79950,720437.79,1,0.74,visa-electron,Good,236,2018-08,4,720437.79
214,Babbleblab,5021,Chrysler,300,Purple,2010,764549.88,41163-271,Eirena Mardlin,Female,Analyst Programmer,Frederick,United States,US,Maryland,2018-12-11,41268-215,2019-03-10,First Class,Truck,21705,761905.0,2,0.53,jcb,Okay,89,2018-12,3,380952.5
215,Kare,403,Mazda,Miata MX-5,Orange,2001,699037.15,10337-332,Merle Cubberley,Female,Financial Advisor,Racine,United States,US,Wisconsin,2019-04-15,44929-001,2019-05-15,Same Day,Truck,53405,907476.0,2,0.83,americanexpress,Good,30,2019-04,4,453738.0
216,Pixonyx,2632,Toyota,Solara,Yellow,2003,538626.58,68405-014,Madge Farndell,Female,Media Manager III,Honolulu,United States,US,Hawaii,2019-05-25,66467-3740,2019-04-30,Standard Class,Truck,96840,783651.01,1,0.74,jcb,Very Good,-25,2019-05,5,783651.01
217,Feedfire,8233,Buick,Century,Aquamarine,1989,591275.55,60681-2105,Meir Poff,Male,Design Engineer,Charlotte,United States,US,North Carolina,2018-06-22,68788-0600,2019-03-27,Same Day,Air,28210,705535.68,2,0.65,mastercard,Okay,278,2018-06,3,352767.84
218,Wikibox,8261,Pontiac,Firebird,Goldenrod,1989,676966.15,15127-831,Gwendolyn MacConneely,Female,VP Accounting,Las Vegas,United States,US,Nevada,2018-10-10,51444-002,2019-01-17,Same Day,Truck,89120,949932.74,1,0.76,maestro,Very Good,99,2018-10,5,949932.74
219,Dabfeed,672,BMW,M Roadster,Yellow,2008,622688.0,65862-536,Keen Galego,Male,Mechanical Systems Engineer,El Paso,United States,US,Texas,2019-04-24,43063-209,2019-02-16,First Class,Truck,88530,830384.88,1,0.66,diners-club-carte-blanche,Very Bad,-67,2019-04,1,830384.88
220,Skiptube,8554,Toyota,Sequoia,Yellow,2006,774830.01,44717-536,Merrill Ryves,Male,Director of Sales,Springfield,United States,US,Ohio,2019-02-09,0228-3504,2019-01-12,Same Day,Air,45505,818806.17,2,0.26,jcb,Good,-28,2019-02,4,409403.085
221,Riffpath,7978,Mazda,Millenia,Maroon,1998,631486.52,11523-7371,Creight Minico,Male,Director of Sales,Modesto,United States,US,California,2018-11-04,50804-360,2019-04-09,Second Class,Air,95354,802230.91,2,0.38,diners-club-carte-blanche,Okay,156,2018-11,3,401115.455
222,Shuffledrive,8393,Ford,Focus,Mauv,2004,769767.05,0378-7185,Llywellyn Speedin,Male,Tax Accountant,Detroit,United States,US,Michigan,2018-09-26,67938-2009,2019-04-05,Second Class,Truck,48275,831934.34,1,0.65,jcb,Very Bad,191,2018-09,1,831934.34
223,Skipfire,101,Toyota,Highlander,Yellow,2009,765726.97,49999-598,Richart Lebbon,Male,Associate Professor,Buffalo,United States,US,New York,2019-01-24,51672-4030,2019-04-29,Standard Class,Air,14269,712970.25,1,0.54,jcb,Bad,95,2019-01,2,712970.25
224,Devbug,6563,Mercedes-Benz,SL-Class,Purple,1995,641603.39,53808-0832,Arnie Bailey,Male,Safety Technician II,Fort Lauderdale,United States,US,Florida,2019-02-20,49349-069,2019-05-15,Second Class,Truck,33305,950085.83,1,0.64,jcb,Bad,84,2019-02,2,950085.83
225,Kwinu,1129,Dodge,Caliber,Goldenrod,2010,680084.14,37000-199,Killy Breton,Male,Assistant Manager,Saint Petersburg,United States,US,Florida,2018-08-11,49349-277,2019-06-13,Standard Class,Air,33710,806964.63,1,0.44,jcb,Okay,306,2018-08,3,806964.63
226,Leenti,9501,Chevrolet,3500,Maroon,1998,546129.68,16590-080,Joline Mohun,Female,Dental Hygienist,Clearwater,United States,US,Florida,2019-02-13,55714-2203,2019-04-23,Standard Class,Air,34620,826316.28,1,0.3,mastercard,Very Bad,69,2019-02,1,826316.28
227,Gabcube,6919,Land Rover,Range Rover,Turquoise,2001,617676.13,67253-264,Miran Poulsum,Female,Business Systems Development Analyst,Montgomery,United States,US,Alabama,2018-11-16,61919-416,2019-05-17,Second Class,Air,36134,901673.03,2,0.33,solo,Good,182,2018-11,4,450836.515
228,Yodoo,4349,Geo,Tracker,Aquamarine,1992,793703.68,0591-3602,Vanny Culham,Female,Compensation Analyst,Dallas,United States,US,Texas,2018-07-30,49967-033,2019-05-01,First Class,Truck,75372,701839.3,1,0.39,jcb,Very Good,275,2018-07,5,701839.3
229,Topicware,3852,Chevrolet,Express 3500,Fuscia,1998,582902.48,67046-806,Linoel Kingsmill,Male,Staff Scientist,Toledo,United States,US,Ohio,2019-06-03,54569-2933,2019-05-20,Same Day,Air,43666,957797.5,1,0.36,jcb,Very Good,-14,2019-06,5,957797.5
230,Rooxo,9343,Honda,Accord Crosstour,Crimson,2011,665856.64,21695-285,Reinhard Leachman,Male,Budget/Accounting Analyst III,Houston,United States,US,Texas,2019-06-12,54868-4850,2019-05-29,First Class,Truck,77260,777119.4,1,0.59,jcb,Very Bad,-14,2019-06,1,777119.4
231,Yabox,3893,Chrysler,Concorde,Teal,2002,520771.77,60429-505,Corie Charnick,Female,Senior Quality Engineer,San Luis Obispo,United States,US,California,2018-10-27,49999-449,2019-03-20,Standard Class,Truck,93407,858094.56,2,0.83,americanexpress,Very Bad,144,2018-10,1,429047.28
232,Yabox,9455,Audi,S4,Orange,2001,514620.28,68258-6100,Brandy Marcome,Male,Developer IV,Syracuse,United States,US,New York,2019-05-07,76439-142,2019-03-11,First Class,Truck,13205,918098.21,1,0.73,visa-electron,Okay,-57,2019-05,3,918098.21
233,Avamba,5849,Mercury,Sable,Maroon,2003,522233.76,52584-024,Georgia Versey,Female,Actuary,Jamaica,United States,US,New York,2018-11-06,43526-103,2019-03-02,Standard Class,Air,11499,809727.39,2,0.84,jcb,Very Good,116,2018-11,5,404863.695
234,Twitterwire,207,Lincoln,Navigator,Indigo,2007,564853.64,36987-1607,Kitty Bryers,Female,VP Product Management,Tyler,United States,US,Texas,2019-01-21,52125-245,2019-02-13,Same Day,Truck,75705,905674.77,1,0.87,mastercard,Very Good,23,2019-01,5,905674.77
235,Abatz,53,Mazda,MPV,Puce,1992,750536.81,49215-0001,Flory Martugin,Female,Human Resources Manager,Boca Raton,United States,US,Florida,2018-11-04,0093-7394,2019-05-01,First Class,Air,33432,833339.07,2,0.68,jcb,Good,178,2018-11,4,416669.535
236,Voonte,3887,Bentley,Azure,Indigo,2010,617480.31,50563-112,Trip Stansell,Male,Budget/Accounting Analyst I,Littleton,United States,US,Colorado,2019-06-11,11896-0018,2019-02-23,Standard Class,Truck,80127,857281.07,2,0.31,americanexpress,Good,-108,2019-06,4,428640.535
237,Trilith,4050,Mitsubishi,Starion,Yellow,1987,755397.16,52642-006,Petra Joliffe,Female,Human Resources Manager,Atlanta,United States,US,Georgia,2018-12-18,51514-0304,2019-02-06,First Class,Truck,30340,877668.97,2,0.77,maestro,Very Bad,50,2018-12,1,438834.485
238,Mymm,8664,Lamborghini,Murciélago,Blue,2002,603490.6,0555-1056,Noelle Gullan,Female,Budget/Accounting Analyst I,Pittsburgh,United States,US,Pennsylvania,2019-06-05,68462-205,2019-04-03,Second Class,Air,15255,936683.82,2,0.54,diners-club-carte-blanche,Very Good,-63,2019-06,5,468341.91
239,Skimia,5375,GMC,Savana 3500,Teal,2007,515971.07,41250-467,Hatty Melmore,Female,Assistant Media Planner,Harrisburg,United States,US,Pennsylvania,2019-01-04,63187-185,2019-02-15,First Class,Truck,17105,906670.05,2,0.29,jcb,Very Good,42,2019-01,5,453335.025
240,Shufflester,7109,Kia,Sedona,Khaki,2003,748998.64,76237-153,Cindy Gertray,Female,Recruiter,Atlanta,United States,US,Georgia,2018-11-27,51060-010,2019-04-18,Same Day,Air,30343,918739.46,1,0.74,maestro,Very Good,142,2018-11,5,918739.46
241,Thoughtblab,3508,Mazda,Mazdaspeed 3,Indigo,2007,522598.43,55143-012,Alex Longhi,Female,Pharmacist,Cincinnati,United States,US,Ohio,2018-11-17,54569-0650,2019-01-17,First Class,Air,45296,951519.83,2,0.59,instapayment,Very Good,61,2018-11,5,475759.915
242,Centimia,8819,Chevrolet,Corvette,Purple,2000,707930.63,35356-301,Gerti Morston,Female,Account Coordinator,Chattanooga,United States,US,Tennessee,2019-01-20,50970-003,2019-05-29,First Class,Air,37405,896520.79,2,0.38,laser,Very Bad,129,2019-01,1,448260.395
243,Oozz,8751,Toyota,Land Cruiser,Fuscia,2011,755210.78,10157-9875,Bernadene Lorkings,Female,Administrative Officer,Delray Beach,United States,US,Florida,2019-01-05,39822-4200,2019-01-01,Second Class,Air,33448,821081.22,1,0.5,diners-club-international,Okay,-4,2019-01,3,821081.22
244,Yacero,1422,Volvo,V40,Goldenrod,2004,655763.96,52686-274,Victor Ivan,Male,Graphic Designer,Saint Paul,United States,US,Minnesota,2018-07-14,0363-0459,2019-03-15,First Class,Truck,55127,815360.3,1,0.69,jcb,Good,244,2018-07,4,815360.3
245,Yakidoo,2559,Jaguar,XJ Series,Turquoise,1993,669756.37,36987-1048,Deana Chillingworth,Female,Recruiting Manager,Panama City,United States,US,Florida,2018-09-02,11084-704,2019-05-15,First Class,Air,32412,734353.19,2,0.49,visa-electron,Bad,255,2018-09,2,367176.595
246,Bubbletube,9452,Infiniti,G,Green,2007,530760.44,58411-102,Marne Vinsen,Female,Junior Executive,Pasadena,United States,US,California,2019-03-24,63739-231,2019-04-20,Second Class,Truck,91125,822574.56,1,0.54,diners-club-carte-blanche,Bad,27,2019-03,2,822574.56
247,Meembee,284,Chevrolet,Camaro,Turquoise,1977,682006.48,68788-9942,Webb Jenk,Male,Financial Advisor,San Antonio,United States,US,Texas,2018-09-13,52993-125,2019-05-11,First Class,Truck,78285,966408.44,1,0.44,mastercard,Very Bad,240,2018-09,1,966408.44
248,Eamia,54,Infiniti,G37,Yellow,2011,753206.05,43269-780,Fidela Gepson,Female,Technical Writer,Eugene,United States,US,Oregon,2018-11-20,43063-401,2019-03-27,Second Class,Truck,97405,915779.62,2,0.42,mastercard,Good,127,2018-11,4,457889.81
249,Avaveo,1739,Subaru,XT,Teal,1985,686586.66,16590-244,Enriqueta Blissett,Female,Research Nurse,Palatine,United States,US,Illinois,2018-08-12,66975-354,2019-04-03,Standard Class,Truck,60078,847308.19,2,0.3,diners-club-carte-blanche,Very Good,234,2018-08,5,423654.095
250,Geba,9179,Hyundai,Sonata,Puce,2000,591827.18,63739-283,Kristofor Mobius,Male,Account Representative II,Camden,United States,US,New Jersey,2018-10-13,66336-002,2019-02-23,First Class,Truck,8104,761593.6,1,0.43,jcb,Bad,133,2018-10,2,761593.6
251,Dabtype,6093,Ford,Ranger,Aquamarine,1984,705287.01,64159-6989,Olivia Lord,Female,Sales Associate,Denver,United States,US,Colorado,2019-04-24,65044-2042,2019-02-05,First Class,Truck,80223,748821.37,2,0.4,jcb,Very Bad,-78,2019-04,1,374410.685
252,Zoomcast,4873,Isuzu,Rodeo,Green,1998,790573.68,50844-753,Arielle Chrestien,Female,Research Nurse,Dallas,United States,US,Texas,2019-02-19,55154-2416,2019-02-12,Standard Class,Truck,75323,711330.7,2,0.34,bankcard,Good,-7,2019-02,4,355665.35
253,Shuffletag,8884,Lamborghini,Murciélago LP640,Goldenrod,2008,698779.93,14783-323,Johannes Gentzsch,Male,Editor,Charlotte,United States,US,North Carolina,2018-07-29,49967-075,2019-01-14,First Class,Air,28263,907301.72,1,0.27,jcb,Very Bad,169,2018-07,1,907301.72
254,Eidel,4872,Chevrolet,Astro,Yellow,1996,610262.72,54868-5607,Domenico Starmer,Male,Chemical Engineer,Jacksonville,United States,US,Florida,2019-06-13,21695-678,2019-05-11,First Class,Air,32225,721444.86,1,0.68,diners-club-carte-blanche,Very Good,-33,2019-06,5,721444.86
255,Skipstorm,1641,Acura,RL,Blue,2000,626418.85,58232-9911,Dione Kenington,Female,Teacher,Watertown,United States,US,Massachusetts,2019-03-03,58118-0570,2019-02-10,Same Day,Air,2472,905077.85,2,0.25,jcb,Very Bad,-21,2019-03,1,452538.925
256,Brainbox,4549,Subaru,Legacy,Green,2009,781026.77,36800-647,Oran MacCrann,Male,Director of Sales,Erie,United States,US,Pennsylvania,2018-08-09,46122-028,2019-05-19,Same Day,Truck,16534,708543.0,2,0.38,diners-club-us-ca,Very Bad,283,2018-08,1,354271.5
257,Dynabox,3830,Pontiac,Grand Prix,Aquamarine,1992,760929.24,11822-0900,Will Lumley,Male,Statistician IV,New York City,United States,US,New York,2019-02-28,25021-824,2019-02-24,Same Day,Air,10029,948947.68,1,0.43,diners-club-enroute,Okay,-4,2019-02,3,948947.68
258,Jetwire,8773,Subaru,Legacy,Pink,2010,788851.31,43458-1004,Dawna Crier,Female,Executive Secretary,Phoenix,United States,US,Arizona,2019-02-01,55289-463,2019-02-23,Second Class,Truck,85062,703566.96,1,0.52,jcb,Very Good,22,2019-02,5,703566.96
259,Mudo,2103,Ford,F-Series Super Duty,Maroon,2010,556626.3,37808-437,Sigismondo Gillings,Male,Speech Pathologist,Baltimore,United States,US,Maryland,2018-09-25,54868-3157,2019-05-17,First Class,Air,21290,946609.07,2,0.41,mastercard,Bad,234,2018-09,2,473304.535
260,Camimbo,159,Mercedes-Benz,C-Class,Red,2012,539453.7,68135-020,Fidelia Lauchlan,Female,Teacher,Columbus,United States,US,Ohio,2019-05-21,15127-258,2019-01-30,Second Class,Truck,43204,912590.74,1,0.84,visa,Good,-111,2019-05,4,912590.74
261,Voomm,2169,Mercedes-Benz,CL-Class,Crimson,2004,798192.93,42411-043,Marta Collens,Female,Junior Executive,Rochester,United States,US,New York,2018-08-19,52959-737,2019-03-07,Same Day,Truck,14646,752316.03,1,0.72,jcb,Good,200,2018-08,4,752316.03
262,Yamia,4679,Audi,A6,Indigo,1996,716071.15,18860-678,Amy Roderigo,Female,Geologist II,Charlottesville,United States,US,Virginia,2018-10-30,53346-1323,2019-04-27,Same Day,Air,22903,740186.16,2,0.34,jcb,Okay,179,2018-10,3,370093.08
263,Blogtag,529,Cadillac,Eldorado,Yellow,1999,662587.93,51060-045,Dione McPartling,Female,Help Desk Technician,Macon,United States,US,Georgia,2018-12-11,65342-0100,2019-01-31,Second Class,Truck,31217,948713.24,1,0.78,visa-electron,Very Good,51,2018-12,5,948713.24
264,Jayo,3766,Dodge,Caliber,Orange,2007,550981.27,47593-359,Laurette Carn,Female,Developer IV,Montgomery,United States,US,Alabama,2019-01-19,65903-247,2019-05-07,Second Class,Air,36177,983410.65,1,0.63,visa-electron,Okay,108,2019-01,3,983410.65
265,Youfeed,729,Chevrolet,Suburban 1500,Orange,2009,749090.42,61245-146,Elwin Breckon,Male,Electrical Engineer,Fort Worth,United States,US,Texas,2019-03-18,0268-0275,2019-02-28,Same Day,Truck,76110,930665.34,1,0.51,americanexpress,Bad,-18,2019-03,2,930665.34
266,Vidoo,3826,GMC,Savana 1500,Purple,2007,634779.32,0456-3407,Saundra Demcak,Male,Teacher,Monticello,United States,US,Minnesota,2019-02-04,36800-366,2019-01-21,First Class,Air,55590,715166.87,2,0.47,maestro,Very Good,-14,2019-02,5,357583.435
267,Linkbridge,9001,Toyota,Tundra,Yellow,2008,609769.87,49349-866,Van Ayree,Male,Chemical Engineer,Lincoln,United States,US,Nebraska,2019-03-06,44911-0022,2019-06-09,Standard Class,Air,68583,885462.32,1,0.5,visa-electron,Bad,95,2019-03,2,885462.32
268,Twinder,8007,Subaru,Loyale,Khaki,1990,685084.75,49349-952,Lora Chomicki,Female,Sales Associate,Houston,United States,US,Texas,2019-03-07,0378-1160,2019-04-20,Second Class,Truck,77005,732301.0,1,0.41,laser,Bad,44,2019-03,2,732301.0
269,Twitterlist,5792,Volkswagen,Cabriolet,Orange,1992,558901.59,24236-063,Andromache Bernardez,Female,Analyst Programmer,Salt Lake City,United States,US,Utah,2019-05-30,43857-0030,2019-01-04,Same Day,Truck,84110,764462.9,1,0.87,china-unionpay,Very Good,-146,2019-05,5,764462.9
270,Mynte,9045,GMC,1500,Yellow,1997,561693.79,59011-444,Jordan Heatlie,Male,Software Test Engineer IV,Colorado Springs,United States,US,Colorado,2019-04-17,49614-228,2019-05-02,Standard Class,Truck,80915,924763.35,2,0.57,jcb,Bad,15,2019-04,2,462381.675
271,Jatri,4441,Volkswagen,Touareg 2,Khaki,2009,554922.83,49288-0176,Elvis Woollin,Male,GIS Technical Architect,Montgomery,United States,US,Alabama,2018-07-17,55714-4409,2019-05-31,Second Class,Air,36119,829806.93,2,0.36,visa,Very Bad,318,2018-07,1,414903.465
272,Twitterlist,411,Chevrolet,Suburban 1500,Maroon,2001,649244.9,68752-025,Agathe Vanelli,Female,Assistant Professor,Reno,United States,US,Nevada,2019-01-08,55154-9429,2019-05-19,Same Day,Truck,89550,870746.72,2,0.67,diners-club-enroute,Bad,131,2019-01,2,435373.36
273,Jaxspan,2591,Land Rover,Range Rover,Fuscia,2005,549060.9,63014-1600,Dannie Abba,Female,Web Designer II,Youngstown,United States,US,Ohio,2018-10-05,0093-4160,2019-05-31,Standard Class,Air,44505,756323.57,1,0.86,jcb,Good,238,2018-10,4,756323.57
274,Oloo,4108,Oldsmobile,Aurora,Fuscia,1996,739662.76,16864-001,Chico Adrienne,Male,Sales Representative,Norwalk,United States,US,Connecticut,2018-10-26,49035-202,2019-04-07,Standard Class,Truck,6854,762908.87,1,0.52,jcb,Bad,163,2018-10,2,762908.87
275,Thoughtbridge,3451,Buick,Roadmaster,Crimson,1991,676920.58,53808-0396,Eddie Ortsmann,Female,Safety Technician IV,Chicago,United States,US,Illinois,2019-05-17,54473-210,2019-02-19,Same Day,Air,60609,962162.33,1,0.87,jcb,Very Good,-87,2019-05,5,962162.33
276,Lazz,4299,Plymouth,Laser,Maroon,1993,789584.18,14783-451,Deina Tallyn,Female,Software Engineer I,Birmingham,United States,US,Alabama,2018-11-12,37205-187,2019-04-17,First Class,Truck,35242,740646.41,2,0.66,americanexpress,Okay,156,2018-11,3,370323.205
277,Avamm,24,Honda,Civic,Crimson,2003,641468.71,69152-0078,Peria Bovis,Female,Biostatistician II,Memphis,United States,US,Tennessee,2019-04-26,58232-0749,2019-02-06,Same Day,Air,38109,821835.59,1,0.28,jcb,Good,-79,2019-04,4,821835.59
278,Lajo,3222,Chevrolet,K5 Blazer,Purple,1995,700933.8,68387-802,Riley McGeechan,Male,Internal Auditor,Bozeman,United States,US,Montana,2019-02-28,11673-245,2019-05-06,Standard Class,Air,59771,769660.81,2,0.34,jcb,Okay,67,2019-02,3,384830.405
279,Divavu,612,Toyota,Avalon,Crimson,2005,750136.44,36987-2864,Nolly Kayser,Male,Safety Technician I,Austin,United States,US,Texas,2018-07-03,41250-854,2019-02-17,Standard Class,Air,78721,965227.41,1,0.65,diners-club-enroute,Okay,229,2018-07,3,965227.41
280,Meezzy,3929,Kia,Soul,Violet,2012,630981.26,57237-025,Germain Darleston,Female,Account Representative IV,Chico,United States,US,California,2019-01-31,57520-0332,2019-04-23,Second Class,Truck,95973,880242.79,2,0.82,jcb,Good,82,2019-01,4,440121.395
281,Zoomdog,8772,Acura,MDX,Red,2009,771998.97,0682-0334,Tiebout Pizzey,Male,Marketing Assistant,Anchorage,United States,US,Alaska,2018-07-14,49999-338,2019-03-26,Standard Class,Air,99522,896282.31,2,0.25,jcb,Bad,255,2018-07,2,448141.155
282,Youfeed,7968,Subaru,Justy,Yellow,1988,770428.67,0258-3687,Natale Swabey,Male,Environmental Specialist,Norfolk,United States,US,Virginia,2018-10-03,68788-0384,2019-02-17,Second Class,Air,23514,843893.64,2,0.57,china-unionpay,Very Bad,137,2018-10,1,421946.82
283,Gigabox,8460,Mitsubishi,L300,Aquamarine,1990,691843.34,68258-3024,Stearne Fullerton,Male,Web Designer III,San Antonio,United States,US,Texas,2018-07-29,49348-847,2019-01-16,First Class,Air,78230,978185.9,2,0.8,laser,Good,171,2018-07,4,489092.95
284,Zoomcast,437,Ford,F150,Indigo,2004,713413.43,61722-160,Suzette Danzelman,Female,Computer Systems Analyst III,Arlington,United States,US,Virginia,2018-12-19,76340-4001,2019-04-11,Second Class,Truck,22244,907268.87,1,0.51,jcb,Very Good,113,2018-12,5,907268.87
285,Lazz,1033,GMC,Yukon XL 1500,Pink,2002,643916.65,54340-779,Madelon Ambroz,Female,Design Engineer,Torrance,United States,US,California,2019-01-08,0440-8505,2019-06-07,Same Day,Air,90510,951156.3,2,0.87,jcb,Very Good,150,2019-01,5,475578.15
286,Skynoodle,5759,Suzuki,Forenza,Teal,2006,786575.33,13734-023,Mano Valeri,Male,Accountant III,Clearwater,United States,US,Florida,2018-07-20,0135-0532,2019-02-24,Second Class,Truck,34629,826982.52,2,0.87,jcb,Okay,219,2018-07,3,413491.26
287,Flipbug,6561,Buick,Somerset,Mauv,1985,538273.2,0781-3315,Bengt Idiens,Male,Assistant Manager,Saint Petersburg,United States,US,Florida,2018-09-16,65121-885,2019-05-19,Standard Class,Truck,33710,967548.35,1,0.6,jcb,Very Bad,245,2018-09,1,967548.35
288,Eamia,7839,Honda,CR-X,Goldenrod,1985,573485.27,41163-496,Britta Danielsky,Female,Desktop Support Technician,New Hyde Park,United States,US,New York,2019-02-16,57520-0500,2019-06-13,Standard Class,Air,11044,813997.82,1,0.37,jcb,Good,117,2019-02,4,813997.82
289,Geba,6072,BMW,5 Series,Goldenrod,2012,531392.16,55154-5089,Boonie Milkeham,Male,Compensation Analyst,Conroe,United States,US,Texas,2019-03-11,11673-407,2019-01-20,Second Class,Air,77305,919142.33,1,0.78,switch,Bad,-50,2019-03,2,919142.33
290,Tagfeed,3610,Pontiac,Sunbird,Purple,1991,524432.54,0006-0951,Felike Penvarne,Male,Media Manager II,Washington,United States,US,District of Columbia,2018-10-06,17575-006,2019-01-28,Standard Class,Air,20057,747147.58,2,0.27,jcb,Good,114,2018-10,4,373573.79
291,Divape,1481,Toyota,Tundra,Goldenrod,2004,506274.41,61755-001,Jobye Dowzell,Female,VP Marketing,New Orleans,United States,US,Louisiana,2018-11-30,61727-310,2019-05-15,Same Day,Air,70142,847468.73,1,0.35,mastercard,Very Good,166,2018-11,5,847468.73
292,Flashspan,5021,Pontiac,Firefly,Aquamarine,1995,719071.21,51079-768,Shelby Morratt,Female,Civil Engineer,New York City,United States,US,New York,2018-12-04,60505-0027,2019-01-29,Standard Class,Truck,10260,933482.06,1,0.75,diners-club-carte-blanche,Good,56,2018-12,4,933482.06
293,Jaxbean,5719,GMC,3500 Club Coupe,Puce,1996,747040.1,48951-6040,Cristabel Killshaw,Female,Computer Systems Analyst I,Erie,United States,US,Pennsylvania,2018-07-29,48951-7023,2019-04-28,Second Class,Truck,16550,701880.61,2,0.39,mastercard,Bad,273,2018-07,2,350940.305
294,Rhynoodle,436,Jaguar,XK,Blue,2006,723632.51,68391-517,Lois Braunstein,Female,Nuclear Power Engineer,Lakewood,United States,US,Washington,2019-02-05,24488-021,2019-01-06,Standard Class,Air,98498,706493.63,2,0.34,jcb,Very Good,-30,2019-02,5,353246.815
295,Aivee,4041,Pontiac,Grand Am,Fuscia,1988,511763.96,60429-369,Chandler Hawkett,Male,GIS Technical Architect,Ridgely,United States,US,Maryland,2018-08-02,15127-989,2019-01-25,Same Day,Truck,21684,981485.26,2,0.85,maestro,Okay,176,2018-08,3,490742.63
296,Twitterlist,146,Lincoln,MKZ,Violet,2007,732421.3,30142-406,Matthieu Bonifant,Male,Accountant IV,Salt Lake City,United States,US,Utah,2019-02-10,66758-054,2019-03-12,Same Day,Air,84130,941955.73,1,0.85,china-unionpay,Good,30,2019-02,4,941955.73
297,Ntag,9542,Buick,Rainier,Indigo,2005,539855.21,45802-806,Brande Sebright,Female,Project Manager,Toledo,United States,US,Ohio,2019-03-20,68400-311,2019-03-23,First Class,Truck,43605,730755.76,1,0.31,maestro,Very Bad,3,2019-03,1,730755.76
298,Demizz,8052,Mercedes-Benz,E-Class,Khaki,2007,725040.78,43269-612,Dorena Coatham,Female,Librarian,Tucson,United States,US,Arizona,2018-09-21,21695-572,2019-06-04,Standard Class,Truck,85748,735854.69,1,0.6,mastercard,Good,256,2018-09,4,735854.69
299,JumpXS,8765,Volkswagen,Passat,Mauv,2012,714281.6,55154-1855,Elladine Rivaland,Female,Executive Secretary,Buffalo,United States,US,New York,2019-01-10,60512-6350,2019-01-17,Same Day,Air,14269,908766.53,2,0.33,mastercard,Good,7,2019-01,4,454383.265
300,Flipopia,7050,Isuzu,Hombre,Crimson,1999,759318.3,49967-159,Griselda Ginnaly,Female,Sales Associate,Miami,United States,US,Florida,2018-07-06,11410-800,2019-03-08,Second Class,Air,33169,890159.82,2,0.5,jcb,Bad,245,2018-07,2,445079.91
301,Topicstorm,8739,Ford,F-Series,Goldenrod,2001,709836.01,65862-521,Joel Haverty,Male,Web Designer III,Clearwater,United States,US,Florida,2018-08-06,53808-0799,2019-06-02,Second Class,Air,34615,701426.93,2,0.53,maestro,Bad,300,2018-08,2,350713.465
302,Agimba,5596,Scion,xD,Blue,2011,558849.23,59746-211,Madonna Agge,Female,GIS Technical Architect,Pueblo,United States,US,Colorado,2019-04-23,54569-0322,2019-02-22,Second Class,Truck,81010,777353.71,1,0.65,bankcard,Very Good,-60,2019-04,5,777353.71
303,Zava,8520,Scion,xB,Pink,2005,751328.48,61047-817,Hart Martins,Male,Accounting Assistant II,Tucson,United States,US,Arizona,2019-03-09,33992-0054,2019-02-04,First Class,Air,85754,889707.79,2,0.26,visa-electron,Bad,-33,2019-03,2,444853.895
304,Skinder,5561,Acura,TL,Pink,2007,516176.1,50436-4379,Maryl Jacquemard,Female,Graphic Designer,Anderson,United States,US,South Carolina,2019-03-03,53950-7007,2019-02-15,Second Class,Air,29625,807218.78,1,0.66,switch,Very Bad,-16,2019-03,1,807218.78
305,Rooxo,8945,Buick,Century,Pink,1999,684551.32,42627-229,Sophey Chaves,Female,Information Systems Manager,Topeka,United States,US,Kansas,2018-08-04,40085-215,2019-01-08,First Class,Air,66611,914434.21,2,0.56,visa,Okay,157,2018-08,3,457217.105
306,Topicstorm,1431,Mazda,MPV,Khaki,2006,753817.77,68703-004,Renell Spacy,Female,Actuary,El Paso,United States,US,Texas,2018-11-27,16477-152,2019-04-05,First Class,Air,79905,840242.63,2,0.49,jcb,Okay,129,2018-11,3,420121.315
307,Feedbug,3923,Mercedes-Benz,M-Class,Khaki,2012,555110.84,65365-005,Augy Tindle,Male,Speech Pathologist,Phoenix,United States,US,Arizona,2018-07-06,0258-3687,2019-06-02,Same Day,Truck,85053,900762.04,1,0.36,maestro,Very Good,331,2018-07,5,900762.04
308,Latz,8702,Mitsubishi,Montero,Indigo,1999,616788.1,0641-0948,Ingelbert Huggill,Male,Assistant Media Planner,Memphis,United States,US,Tennessee,2019-06-04,66288-1300,2019-01-30,Standard Class,Air,38114,709584.53,2,0.86,jcb,Very Bad,-125,2019-06,1,354792.265
309,Jabberstorm,6693,Toyota,Highlander,Crimson,2003,587110.99,55154-3437,Sandor People,Male,Executive Secretary,Independence,United States,US,Missouri,2019-01-04,0135-0504,2019-01-11,Same Day,Truck,64054,950305.24,1,0.69,jcb,Bad,7,2019-01,2,950305.24
310,Jabbercube,4222,Buick,Park Avenue,Yellow,2002,795774.0,59779-224,Alain Kettell,Male,VP Quality Control,Cheyenne,United States,US,Wyoming,2018-11-11,10812-510,2019-01-29,Second Class,Air,82007,785863.89,2,0.43,visa-electron,Okay,79,2018-11,3,392931.945
311,Tagtune,157,GMC,Rally Wagon 1500,Indigo,1993,511962.97,0268-6635,Clayborn Matyukon,Male,Data Coordiator,Champaign,United States,US,Illinois,2019-02-04,54868-5768,2019-01-27,Same Day,Truck,61825,941761.7,2,0.44,jcb,Very Bad,-8,2019-02,1,470880.85
312,Thoughtbeat,3224,Toyota,4Runner,Pink,2000,787155.62,54569-2483,Tammy Orvis,Male,Research Associate,Flint,United States,US,Michigan,2018-08-08,10096-9182,2019-01-21,Standard Class,Air,48550,863064.52,1,0.52,visa-electron,Okay,166,2018-08,3,863064.52
313,Gabspot,1242,Dodge,Neon,Blue,2002,557648.01,16477-811,Ludwig Hovert,Male,Research Associate,Colorado Springs,United States,US,Colorado,2019-05-04,65862-526,2019-02-14,Same Day,Truck,80925,727229.7,1,0.4,bankcard,Bad,-79,2019-05,2,727229.7
314,Riffpedia,6901,GMC,Yukon XL 1500,Violet,2009,626592.77,52544-044,Rupert Ropcke,Male,Web Developer II,Lubbock,United States,US,Texas,2019-01-18,49884-650,2019-02-18,First Class,Air,79491,741782.1,2,0.41,americanexpress,Very Good,31,2019-01,5,370891.05
315,Midel,5501,Mercedes-Benz,SLK-Class,Yellow,2011,697365.8,21695-473,Ethel Abeles,Female,Accountant II,Memphis,United States,US,Tennessee,2018-10-04,0179-0155,2019-05-25,Standard Class,Truck,38143,728896.99,1,0.83,visa-electron,Very Bad,233,2018-10,1,728896.99
316,Skinte,1343,Toyota,Avalon,Violet,2002,570870.44,70253-348,Crissie Snasdell,Female,Systems Administrator III,Portland,United States,US,Oregon,2018-07-05,56062-027,2019-06-15,Second Class,Truck,97296,910628.21,1,0.58,jcb,Very Good,345,2018-07,5,910628.21
317,Avamm,3474,Lexus,CT,Teal,2011,507645.68,64406-016,Archer Cocks,Male,Structural Analysis Engineer,Minneapolis,United States,US,Minnesota,2018-11-18,76075-101,2019-01-23,Second Class,Truck,55441,707835.38,2,0.8,jcb,Okay,66,2018-11,3,353917.69
318,Kazu,4042,Subaru,Impreza,Khaki,1996,552478.67,0713-0166,Annmaria Thireau,Female,Biostatistician II,Montgomery,United States,US,Alabama,2019-02-18,63304-445,2019-03-12,Same Day,Truck,36104,967120.0,2,0.75,jcb,Bad,22,2019-02,2,483560.0
319,Wikizz,3509,Chevrolet,Cobalt SS,Green,2009,610710.37,0363-1298,Leopold Shorto,Male,Teacher,Fullerton,United States,US,California,2018-10-01,43269-834,2019-06-02,Second Class,Truck,92640,927475.94,1,0.66,visa-electron,Bad,244,2018-10,2,927475.94
320,Skiptube,8379,Chevrolet,APV,Mauv,1993,755891.68,67938-1397,Clarissa Bruniges,Female,Recruiting Manager,Aurora,United States,US,Colorado,2019-02-04,49288-0456,2019-01-08,First Class,Air,80045,801288.15,2,0.43,jcb,Good,-27,2019-02,4,400644.075
321,Zoonder,3241,Ferrari,612 Scaglietti,Turquoise,2009,695267.57,54838-144,Misha Schrader,Female,Financial Analyst,Memphis,United States,US,Tennessee,2018-12-18,54057-682,2019-01-18,Standard Class,Truck,38168,771700.35,1,0.6,jcb,Good,31,2018-12,4,771700.35
322,Skinte,8717,Hyundai,Veracruz,Khaki,2009,631171.71,53113-266,Carine Watman,Female,Statistician I,Jackson,United States,US,Tennessee,2019-02-15,35356-197,2019-02-07,Standard Class,Air,38308,701737.03,1,0.27,china-unionpay,Okay,-8,2019-02,3,701737.03
323,Digitube,1243,Nissan,Frontier,Aquamarine,2001,625121.09,0268-0807,Man Ollet,Male,Budget/Accounting Analyst III,Spring,United States,US,Texas,2019-05-23,52083-601,2019-04-02,First Class,Truck,77388,762009.87,1,0.3,jcb,Okay,-51,2019-05,3,762009.87
324,Gabcube,1732,Jeep,Comanche,Pink,1992,538437.86,58517-340,Gennifer Mor,Female,Business Systems Development Analyst,Los Angeles,United States,US,California,2019-03-02,43857-0117,2019-05-18,First Class,Air,90081,964162.52,2,0.53,diners-club-international,Bad,77,2019-03,2,482081.26
325,Eimbee,9958,Audi,4000,Fuscia,1987,648966.12,0378-6201,Thorvald Perry,Male,Senior Developer,Winston Salem,United States,US,North Carolina,2018-11-11,65044-6518,2019-03-26,First Class,Truck,27110,862363.21,2,0.75,jcb,Very Good,135,2018-11,5,431181.605
326,Skyvu,6669,Mazda,626,Aquamarine,1991,657876.89,98132-728,Normie Ghelardoni,Male,Biostatistician IV,Montpelier,United States,US,Vermont,2019-03-17,0228-2801,2019-01-02,Same Day,Truck,5609,965791.62,2,0.39,solo,Bad,-74,2019-03,2,482895.81
327,Twitterworks,5535,Volvo,C70,Goldenrod,2009,761972.23,0023-4964,Flss Darker,Female,Design Engineer,Clearwater,United States,US,Florida,2018-08-08,52054-512,2019-03-13,Same Day,Air,33763,994486.13,1,0.87,diners-club-enroute,Good,217,2018-08,4,994486.13
328,Flipopia,9086,Ford,Flex,Mauv,2012,568006.05,61657-0959,Tabbitha Redmain,Female,Geological Engineer,Clearwater,United States,US,Florida,2019-03-09,43857-0294,2019-03-16,Same Day,Truck,34620,828011.87,1,0.46,china-unionpay,Very Bad,7,2019-03,1,828011.87
329,Realmix,754,Acura,NSX,Yellow,1993,670873.16,68258-8973,Mel O'Sherin,Female,Recruiter,Memphis,United States,US,Tennessee,2018-07-24,60432-604,2019-04-22,Second Class,Air,38114,858907.73,2,0.87,visa-electron,Good,272,2018-07,4,429453.865
330,Feednation,3880,Chevrolet,Corvette,Purple,1962,600728.74,60505-0265,Linet Bastock,Female,Civil Engineer,New York City,United States,US,New York,2019-06-03,0591-5621,2019-03-17,Second Class,Air,10115,775084.2,2,0.56,diners-club-carte-blanche,Bad,-78,2019-06,2,387542.1
331,Thoughtbeat,8078,Mitsubishi,Lancer,Blue,2004,769727.99,46123-039,Dominick Holdforth,Male,Engineer IV,Baltimore,United States,US,Maryland,2019-03-08,49349-206,2019-01-01,Same Day,Air,21203,964975.62,2,0.54,jcb,Good,-66,2019-03,4,482487.81
332,Edgewire,2629,Hyundai,Elantra,Aquamarine,2006,627881.84,59779-405,Elizabet Barthot,Female,Desktop Support Technician,Fargo,United States,US,North Dakota,2018-10-23,55289-962,2019-01-06,Same Day,Air,58106,884036.61,2,0.26,china-unionpay,Very Bad,75,2018-10,1,442018.305
333,Jayo,4831,Mercedes-Benz,S-Class,Blue,1985,633339.32,0363-9170,Oliy Kelloway,Female,Senior Sales Associate,Minneapolis,United States,US,Minnesota,2019-04-03,44911-0014,2019-02-05,Standard Class,Truck,55446,938473.12,1,0.87,diners-club-enroute,Okay,-57,2019-04,3,938473.12
334,Aivee,9813,Suzuki,Daewoo Magnus,Puce,2005,701889.62,41163-120,Eudora Brumbie,Female,Automation Specialist I,Fort Worth,United States,US,Texas,2018-09-02,68828-067,2019-01-02,Standard Class,Truck,76198,708309.06,2,0.38,jcb,Very Good,122,2018-09,5,354154.53
335,Yodo,6923,Lexus,RX,Aquamarine,2002,725936.35,54569-0843,Matilda Kegan,Female,VP Sales,Chicago,United States,US,Illinois,2019-02-16,52125-531,2019-01-03,Second Class,Air,60657,956996.66,2,0.62,visa,Very Good,-44,2019-02,5,478498.33
336,Skipstorm,668,Mitsubishi,Truck,Maroon,1985,538074.63,49778-002,Agnes Woolmer,Female,Analyst Programmer,Bozeman,United States,US,Montana,2019-05-03,61601-1127,2019-03-23,Second Class,Air,59771,849317.03,1,0.4,visa,Bad,-41,2019-05,2,849317.03
337,InnoZ,8771,Dodge,Avenger,Yellow,1996,570705.28,0065-0530,Zebadiah Kewzick,Male,Media Manager III,Salt Lake City,United States,US,Utah,2018-07-12,76049-620,2019-03-27,First Class,Truck,84199,781518.73,2,0.36,jcb,Okay,258,2018-07,3,390759.365
338,Centizu,7762,Mercury,Cougar,Aquamarine,1967,726377.48,55154-4651,Jeffrey Toye,Male,Structural Engineer,Minneapolis,United States,US,Minnesota,2018-10-03,42254-065,2019-02-25,Standard Class,Air,55428,745537.8,1,0.77,jcb,Okay,145,2018-10,3,745537.8
339,Devcast,771,Buick,LaCrosse,Turquoise,2007,607930.71,0187-1221,Eric Kleinert,Male,Automation Specialist I,Salt Lake City,United States,US,Utah,2018-09-13,0573-1915,2019-06-04,Standard Class,Air,84135,707110.84,2,0.27,jcb,Very Bad,264,2018-09,1,353555.42
340,Twitterwire,596,Mazda,MPV,Green,2004,553002.61,59779-574,Emmit Loder,Male,Dental Hygienist,Knoxville,United States,US,Tennessee,2018-10-02,50436-2899,2019-03-15,Second Class,Air,37939,788921.1,1,0.51,visa,Bad,164,2018-10,2,788921.1
341,Vimbo,6739,Mitsubishi,Pajero,Orange,2004,738187.94,55289-531,Delbert Farmery,Male,Registered Nurse,Fort Lauderdale,United States,US,Florida,2018-08-25,0378-1150,2019-04-15,Same Day,Air,33330,792887.07,1,0.65,jcb,Okay,233,2018-08,3,792887.07
342,Trilith,1919,Chrysler,Crossfire Roadster,Mauv,2006,546271.67,60429-288,Robert Vicarey,Male,Nurse Practicioner,Austin,United States,US,Texas,2019-03-25,52810-702,2019-04-29,Second Class,Air,78764,851604.84,1,0.39,maestro,Very Good,35,2019-03,5,851604.84
343,Zoomzone,4349,Pontiac,Grand Prix,Aquamarine,1962,784238.63,0555-0767,Austin Milillo,Male,Systems Administrator I,Long Beach,United States,US,California,2018-12-17,68327-030,2019-04-26,Standard Class,Truck,90847,862877.87,1,0.79,jcb,Okay,130,2018-12,3,862877.87
344,Kayveo,8408,Lincoln,Mark VIII,Khaki,1994,646473.91,36987-1248,Opal Leynham,Female,Social Worker,Miami Beach,United States,US,Florida,2018-12-11,53499-5149,2019-03-01,Same Day,Air,33141,703143.18,1,0.6,jcb,Very Good,80,2018-12,5,703143.18
345,Skyba,1229,Buick,Century,Purple,1991,710688.6,30142-462,Rosemonde Gathercole,Female,GIS Technical Architect,Pittsburgh,United States,US,Pennsylvania,2018-07-13,61442-363,2019-05-02,Second Class,Air,15225,913674.43,1,0.57,jcb,Very Good,293,2018-07,5,913674.43
346,Bubbletube,9189,Bentley,Continental,Aquamarine,2008,712682.73,64159-7693,Rip Aspinell,Male,Marketing Manager,Austin,United States,US,Texas,2019-01-20,51655-439,2019-01-30,First Class,Air,78769,799003.87,1,0.56,jcb,Okay,10,2019-01,3,799003.87
347,Quamba,8847,Bentley,Continental GTC,Puce,2011,704832.56,61919-992,Perry Kirimaa,Male,Business Systems Development Analyst,Juneau,United States,US,Alaska,2019-06-06,61328-001,2019-04-14,Second Class,Air,99812,988207.53,2,0.52,laser,Good,-53,2019-06,4,494103.765
348,Twimbo,3931,Audi,5000S,Aquamarine,1987,550033.01,48951-8160,Keith Crickett,Male,Senior Editor,Durham,United States,US,North Carolina,2019-02-14,54868-6366,2019-05-31,Second Class,Truck,27710,995483.27,2,0.45,diners-club-enroute,Good,106,2019-02,4,497741.635
349,Oyondu,8713,Subaru,Impreza WRX,Fuscia,2010,732058.61,30142-733,Karolina Churcher,Female,Social Worker,Zephyrhills,United States,US,Florida,2018-12-05,0555-0286,2019-06-14,Standard Class,Air,33543,880508.47,2,0.76,jcb,Very Good,191,2018-12,5,440254.235
350,Feedmix,3617,Dodge,Intrepid,Pink,1999,796249.69,43063-051,Page Rotherforth,Female,VP Accounting,Missoula,United States,US,Montana,2018-09-27,49035-150,2019-02-27,First Class,Truck,59806,851585.1,1,0.59,diners-club-carte-blanche,Good,153,2018-09,4,851585.1
351,Feedfish,9175,Chevrolet,Caprice,Violet,1995,575973.51,50300-010,Yancy Plowell,Male,Web Designer IV,Greeley,United States,US,Colorado,2018-06-30,24236-004,2019-05-02,Same Day,Air,80638,989778.2,2,0.34,jcb,Very Good,306,2018-06,5,494889.1
352,Thoughtsphere,4233,Ford,Aspire,Orange,1996,547318.93,53603-1006,Caesar Fuzzens,Male,Junior Executive,Monticello,United States,US,Minnesota,2018-12-19,0220-9322,2019-06-16,First Class,Air,55590,773862.24,2,0.41,mastercard,Okay,179,2018-12,3,386931.12
353,Feedspan,844,Mitsubishi,Truck,Yellow,1991,509977.97,54868-4986,Wyn Grassin,Male,VP Accounting,Wilmington,United States,US,Delaware,2018-07-02,33261-460,2019-03-22,Standard Class,Air,19810,832447.02,1,0.86,diners-club-us-ca,Good,263,2018-07,4,832447.02
354,Brightdog,9303,BMW,Z4 M,Khaki,2007,755402.38,60512-6032,Jarad Briatt,Male,Office Assistant IV,Charlotte,United States,US,North Carolina,2019-03-14,63187-159,2019-01-07,Standard Class,Air,28235,902951.29,2,0.7,bankcard,Bad,-66,2019-03,2,451475.645
355,Topiczoom,8219,Volkswagen,Jetta,Orange,1995,518274.67,53877-009,Jodee Bouskill,Female,Food Chemist,Charleston,United States,US,West Virginia,2018-12-11,51452-004,2019-01-25,Second Class,Truck,25336,906612.81,1,0.42,china-unionpay,Okay,45,2018-12,3,906612.81
356,Ainyx,5712,Mercedes-Benz,S-Class,Puce,1996,552442.9,98132-710,Leontine Fante,Female,Payment Adjustment Coordinator,Spokane,United States,US,Washington,2019-04-06,56062-516,2019-04-19,Second Class,Truck,99215,710467.3,2,0.71,mastercard,Bad,13,2019-04,2,355233.65
357,Skyba,9301,Lincoln,Aviator,Orange,2004,707799.97,0178-0370,Fair Ingry,Male,Web Designer IV,Portsmouth,United States,US,New Hampshire,2019-02-08,59958-200,2019-02-21,Second Class,Truck,3804,974405.96,1,0.53,jcb,Okay,13,2019-02,3,974405.96
358,Yodo,1152,Buick,Roadmaster,Purple,1993,721342.12,50458-515,Nate Batcock,Male,Tax Accountant,Grand Junction,United States,US,Colorado,2019-03-31,43419-803,2019-01-19,Standard Class,Truck,81505,935036.58,1,0.38,diners-club-enroute,Good,-71,2019-03,4,935036.58
359,Babbleopia,9164,Mazda,626,Indigo,1990,780134.65,55111-396,Katherina Colmer,Female,Account Representative II,Miami,United States,US,Florida,2018-10-23,37205-186,2019-06-03,Same Day,Truck,33111,791753.05,1,0.57,switch,Very Bad,223,2018-10,1,791753.05
360,Bluejam,9541,Nissan,Pathfinder Armada,Turquoise,2004,707254.79,65923-703,Velma Windrus,Female,Pharmacist,Kansas City,United States,US,Missouri,2019-03-04,67457-238,2019-02-03,Standard Class,Truck,64193,786057.61,1,0.41,jcb,Okay,-29,2019-03,3,786057.61
361,Skilith,5599,Mitsubishi,Tredia,Puce,1988,711337.31,10477-7603,Glenine Abelevitz,Female,Accountant IV,Laurel,United States,US,Maryland,2018-11-28,60429-555,2019-02-24,Same Day,Truck,20709,970782.56,1,0.67,jcb,Okay,88,2018-11,3,970782.56
362,Youbridge,1601,Volkswagen,Scirocco,Purple,1985,585686.01,0555-9027,Aron Pauler,Male,Speech Pathologist,Shawnee Mission,United States,US,Kansas,2019-04-25,65663-019,2019-04-14,Second Class,Air,66210,915764.49,1,0.67,diners-club-us-ca,Okay,-11,2019-04,3,915764.49
363,Rhycero,8844,Oldsmobile,Silhouette,Aquamarine,2004,751875.79,68647-167,Dorette Deverale,Female,Marketing Assistant,Saint Paul,United States,US,Minnesota,2019-04-24,0440-1481,2019-05-30,First Class,Air,55108,845809.84,2,0.68,instapayment,Okay,36,2019-04,3,422904.92
364,Blogspan,9391,Hyundai,Elantra,Violet,1997,767048.82,15828-106,Nicola Tolchar,Male,Research Nurse,Evansville,United States,US,Indiana,2018-09-10,55910-975,2019-01-06,Standard Class,Air,47719,889264.23,2,0.56,diners-club-us-ca,Okay,118,2018-09,3,444632.115
365,Kanoodle,8801,Jaguar,S-Type,Violet,2006,669939.89,67938-0904,Brit Haville,Male,Project Manager,Bakersfield,United States,US,California,2019-02-14,0179-0128,2019-03-27,Standard Class,Air,93311,948461.94,1,0.76,diners-club-enroute,Very Good,41,2019-02,5,948461.94
366,Realbridge,8545,Lotus,Esprit,Violet,1988,667579.26,0179-0080,Ryann Kinney,Female,Accounting Assistant IV,Dallas,United States,US,Texas,2018-07-22,0264-9010,2019-01-03,Second Class,Truck,75387,886738.54,2,0.36,diners-club-enroute,Okay,165,2018-07,3,443369.27
367,Quimm,3422,Dodge,Neon,Pink,1996,588320.23,42254-305,Lorrie Grover,Female,Analog Circuit Design manager,Pensacola,United States,US,Florida,2019-03-08,64117-979,2019-01-15,Same Day,Air,32575,958091.59,2,0.67,mastercard,Bad,-52,2019-03,2,479045.795
368,Fivebridge,9001,Toyota,Corolla,Khaki,1995,679176.28,0310-0282,Darrick Naismith,Male,Senior Editor,Detroit,United States,US,Michigan,2018-08-28,52747-902,2019-01-16,Standard Class,Air,48232,854608.37,1,0.46,switch,Okay,141,2018-08,3,854608.37
369,Buzzshare,8799,Mercedes-Benz,300SD,Red,1993,669998.7,0781-5527,Florance Knapp,Female,Health Coach III,Brockton,United States,US,Massachusetts,2019-05-04,13668-344,2019-05-17,Same Day,Air,2405,784431.05,2,0.59,jcb,Bad,13,2019-05,2,392215.525
370,Jetwire,3964,Honda,Civic Si,Mauv,2006,596253.97,52584-626,Brenda Leggat,Female,Research Associate,Seattle,United States,US,Washington,2019-02-21,55154-0680,2019-04-26,Second Class,Air,98148,956331.73,2,0.66,jcb,Good,64,2019-02,4,478165.865
371,Topdrive,8461,Mazda,Miata MX-5,Pink,2012,596923.45,57664-203,Aurora Vinnick,Female,Pharmacist,South Bend,United States,US,Indiana,2019-04-17,49999-059,2019-04-11,Standard Class,Air,46699,828957.88,2,0.59,jcb,Good,-6,2019-04,4,414478.94
372,Jabberbean,3712,Chevrolet,Malibu,Mauv,1999,511513.78,21695-015,Julianne Hatliffe,Female,Information Systems Manager,Dallas,United States,US,Texas,2019-04-18,54473-231,2019-05-10,Same Day,Air,75379,847864.16,2,0.55,switch,Very Bad,22,2019-04,1,423932.08
373,Pixoboo,8033,Chevrolet,Suburban 2500,Aquamarine,2007,537180.8,10705-077,Selie Hurkett,Female,Biostatistician III,Seattle,United States,US,Washington,2018-11-27,10202-384,2019-05-22,Same Day,Truck,98140,983226.72,1,0.36,diners-club-enroute,Bad,176,2018-11,2,983226.72
374,Kwilith,7940,Audi,A4,Khaki,1998,536212.88,55316-994,Emilio Bontoft,Male,Dental Hygienist,Naples,United States,US,Florida,2018-07-31,60637-013,2019-05-01,Standard Class,Truck,34102,719805.59,2,0.37,jcb,Very Bad,274,2018-07,1,359902.795
375,Feedbug,8729,Ford,Transit Connect,Purple,2010,669805.49,15127-335,Erica Letham,Female,Web Developer IV,Los Angeles,United States,US,California,2018-10-05,54868-1093,2019-04-10,Second Class,Truck,90060,862525.33,1,0.61,jcb,Good,187,2018-10,4,862525.33
376,Kwinu,4834,Dodge,Ram Wagon B150,Purple,1994,584434.56,36000-175,Audrie Wilber,Female,Data Coordiator,New York City,United States,US,New York,2019-02-28,49288-0906,2019-02-21,Standard Class,Air,10184,994907.63,2,0.82,jcb,Good,-7,2019-02,4,497453.815
377,Blogspan,6062,Jaguar,XK,Crimson,2009,552255.48,54295-307,Kareem Wayper,Male,Director of Sales,Saint Petersburg,United States,US,Florida,2019-04-10,54868-0268,2019-01-12,Standard Class,Truck,33715,894084.33,2,0.71,switch,Very Good,-88,2019-04,5,447042.165
378,Youspan,7072,Jaguar,X-Type,Fuscia,2005,671632.59,42549-604,Denys Lehrian,Male,Database Administrator III,Rochester,United States,US,New York,2018-08-27,10191-1829,2019-02-23,First Class,Air,14646,966173.81,1,0.31,laser,Very Bad,180,2018-08,1,966173.81
379,Voolith,2186,Lincoln,Continental Mark VII,Goldenrod,1990,657141.34,57344-018,Seward Lott,Male,Financial Advisor,Washington,United States,US,District of Columbia,2018-06-28,60681-1005,2019-01-23,Second Class,Truck,20078,970170.69,2,0.82,jcb,Bad,209,2018-06,2,485085.345
380,Podcat,3924,Lincoln,Mark VIII,Maroon,1997,537061.96,10812-421,Hildegarde De Rye Barrett,Female,Cost Accountant,Hialeah,United States,US,Florida,2019-02-09,61699-0047,2019-02-10,Same Day,Air,33018,777044.2,2,0.62,mastercard,Very Good,1,2019-02,5,388522.1
381,Plajo,5712,Chrysler,Concorde,Red,1999,738178.24,17478-792,Andros Yurshev,Male,Mechanical Systems Engineer,New Bedford,United States,US,Massachusetts,2019-04-23,52000-000,2019-06-10,First Class,Truck,2745,940471.31,2,0.52,jcb,Good,48,2019-04,4,470235.655
382,Skyble,2631,Toyota,MR2,Pink,1986,792030.29,76485-1007,Meir Denkel,Male,Nurse,Tulsa,United States,US,Oklahoma,2018-07-13,63717-871,2019-05-31,Standard Class,Truck,74184,703612.23,2,0.54,jcb,Very Bad,322,2018-07,1,351806.115
383,Kwimbee,1254,Chevrolet,Monte Carlo,Aquamarine,1999,620518.8,55714-2351,Royce Woodyear,Male,Senior Financial Analyst,Akron,United States,US,Ohio,2018-10-27,50225-355,2019-04-11,First Class,Truck,44329,784861.1,2,0.32,mastercard,Good,166,2018-10,4,392430.55
384,Agivu,5317,Audi,A3,Aquamarine,2012,744321.77,0338-0520,Sholom Tolland,Male,Paralegal,Kansas City,United States,US,Missouri,2018-10-25,49884-310,2019-04-07,Standard Class,Air,64153,827211.88,1,0.32,solo,Okay,164,2018-10,3,827211.88
385,Abata,4429,Volvo,S80,Turquoise,2003,661750.37,52644-003,Pippy Seagrove,Female,Research Assistant I,Rockville,United States,US,Maryland,2019-03-02,11822-2683,2019-05-14,Standard Class,Air,20851,776067.12,2,0.65,mastercard,Okay,73,2019-03,3,388033.56
386,Mycat,752,Volkswagen,Scirocco,Aquamarine,1987,721311.59,12634-537,Amii Sydall,Female,VP Accounting,North Little Rock,United States,US,Arkansas,2018-08-26,50436-0165,2019-03-05,First Class,Truck,72118,924086.63,2,0.36,jcb,Okay,191,2018-08,3,462043.315
387,Shuffledrive,4199,Dodge,Viper RT/10,Red,1995,711777.61,52124-0107,Elise Saunt,Female,Pharmacist,Albuquerque,United States,US,New Mexico,2018-10-26,0310-0279,2019-01-16,Second Class,Air,87140,804823.6,1,0.4,diners-club-carte-blanche,Good,82,2018-10,4,804823.6
388,Tavu,1212,Ford,Focus,Violet,2003,525438.82,57520-0112,Saw Courtes,Male,Operator,Saginaw,United States,US,Michigan,2018-07-08,0527-1376,2019-04-29,First Class,Truck,48609,996299.49,1,0.41,mastercard,Bad,295,2018-07,2,996299.49
389,Kare,4511,Ford,Aspire,Puce,1995,658061.65,0462-0264,Sukey Foan,Female,Registered Nurse,Los Angeles,United States,US,California,2019-02-03,49527-801,2019-03-27,Second Class,Air,90189,862506.39,1,0.51,jcb,Good,52,2019-02,4,862506.39
390,Linkbuzz,7844,Pontiac,Firefly,Fuscia,1992,780564.35,76293-037,Rowan Storey,Male,Chief Design Engineer,Saint Petersburg,United States,US,Florida,2019-04-18,68645-477,2019-03-27,Standard Class,Truck,33710,756341.93,2,0.86,visa-electron,Bad,-22,2019-04,2,378170.965
391,Shuffledrive,1689,Mitsubishi,Precis,Purple,1994,665618.35,0781-5613,Gerry Yitzhakov,Male,Senior Editor,Oakland,United States,US,California,2018-10-09,37808-167,2019-05-25,Same Day,Air,94605,833050.84,1,0.73,bankcard,Very Good,228,2018-10,5,833050.84
392,Ntag,9637,Mitsubishi,L300,Goldenrod,1987,634247.75,57520-0203,Fairleigh Tremaine,Male,Chief Design Engineer,Kansas City,United States,US,Missouri,2019-04-21,54868-0262,2019-04-18,First Class,Truck,64149,918714.52,2,0.54,mastercard,Bad,-3,2019-04,2,459357.26
393,Jetwire,7712,Nissan,Pathfinder,Teal,1995,761856.66,52685-427,Kakalina Parsonson,Female,Web Designer I,Saint Louis,United States,US,Missouri,2018-12-07,0603-3968,2019-02-24,Standard Class,Air,63136,819934.17,2,0.64,laser,Bad,79,2018-12,2,409967.085
394,Camimbo,5102,Bentley,Continental GT,Indigo,2008,585394.13,50563-149,Maybelle Morrel,Female,Developer IV,New York City,United States,US,New York,2018-08-12,59316-103,2019-04-19,First Class,Truck,10170,877567.11,1,0.81,jcb,Bad,250,2018-08,2,877567.11
395,Mydeo,2642,Maybach,57,Goldenrod,2005,696774.32,10096-0181,Jocelin Duprey,Female,Account Coordinator,Cincinnati,United States,US,Ohio,2019-05-02,64942-1096,2019-02-16,Standard Class,Air,45233,874387.96,1,0.75,jcb,Okay,-75,2019-05,3,874387.96
396,Realbuzz,8602,Toyota,Celica,Puce,1997,701219.16,49349-381,Sammy Officer,Male,Quality Engineer,Philadelphia,United States,US,Pennsylvania,2019-06-01,50419-409,2019-06-11,First Class,Air,19136,703287.97,2,0.54,jcb,Good,10,2019-06,4,351643.985
397,Feednation,8864,Porsche,928,Khaki,1990,765402.33,0615-6557,Aile Wolfenden,Female,Accounting Assistant I,Des Moines,United States,US,Iowa,2018-07-15,14290-376,2019-04-19,Standard Class,Truck,50330,931383.24,1,0.52,bankcard,Okay,278,2018-07,3,931383.24
398,Cogilith,9433,Suzuki,Reno,Yellow,2007,504255.12,68084-513,Allyce Dillamore,Female,Technical Writer,Las Vegas,United States,US,Nevada,2018-07-30,53346-1351,2019-05-26,Same Day,Truck,89105,994630.67,2,0.53,mastercard,Okay,300,2018-07,3,497315.335
399,Dynava,8621,Buick,Terraza,Purple,2006,605466.67,0536-4086,Gunner De la Harpe,Male,Assistant Professor,Washington,United States,US,District of Columbia,2018-09-30,16590-301,2019-05-29,Second Class,Air,20503,709881.0,2,0.47,jcb,Very Bad,241,2018-09,1,354940.5
400,Meejo,752,Porsche,Boxster,Purple,2002,654317.34,36987-1498,Seamus Harrell,Male,Software Test Engineer II,Birmingham,United States,US,Alabama,2019-02-15,65224-539,2019-03-08,Second Class,Truck,35225,844780.81,1,0.72,diners-club-carte-blanche,Okay,21,2019-02,3,844780.81
401,Podcat,5179,Chevrolet,Malibu,Green,1999,762069.58,59663-110,Warden Cone,Male,Recruiting Manager,Washington,United States,US,District of Columbia,2019-05-17,50804-080,2019-03-30,First Class,Air,20220,713725.56,2,0.55,china-unionpay,Bad,-48,2019-05,2,356862.78
402,Brainsphere,2919,Toyota,Sequoia,Khaki,2009,673434.13,52584-950,Lucais Larvent,Male,Marketing Assistant,Sacramento,United States,US,California,2019-05-20,55312-053,2019-04-05,Second Class,Truck,95865,739139.18,2,0.44,jcb,Very Bad,-45,2019-05,1,369569.59
403,Trunyx,9979,Ferrari,F430,Maroon,2006,765173.39,0135-0505,Quinlan Macken,Male,Assistant Manager,Kansas City,United States,US,Missouri,2019-01-18,30142-313,2019-02-02,Second Class,Air,64153,773819.52,1,0.6,jcb,Good,15,2019-01,4,773819.52
404,Shuffletag,6531,Geo,Metro,Red,1992,749356.53,49349-892,Lorena Calleja,Female,Budget/Accounting Analyst IV,Arlington,United States,US,Texas,2019-02-04,53329-089,2019-02-08,Second Class,Truck,76004,965517.38,1,0.63,diners-club-carte-blanche,Very Bad,4,2019-02,1,965517.38
405,Meejo,9644,Pontiac,Parisienne,Khaki,1986,575871.4,0615-7507,Fanya Harborow,Female,Geologist II,Henderson,United States,US,Nevada,2018-11-06,69244-3001,2019-03-24,Standard Class,Truck,89012,861487.93,1,0.44,jcb,Very Good,138,2018-11,5,861487.93
406,Voomm,91,Ford,Bronco II,Turquoise,1989,599770.09,0093-5142,Lexie Lymbourne,Female,Cost Accountant,Athens,United States,US,Georgia,2019-02-03,0220-9314,2019-02-17,First Class,Air,30610,783722.63,2,0.43,jcb,Very Good,14,2019-02,5,391861.315
407,Innotype,47,Ford,Windstar,Indigo,2001,617233.02,49817-1992,Delmer Trinke,Male,Nuclear Power Engineer,Richmond,United States,US,Virginia,2018-12-24,42254-305,2019-04-23,First Class,Air,23237,828615.25,1,0.38,bankcard,Very Bad,120,2018-12,1,828615.25
408,Wikivu,3221,Plymouth,Prowler,Khaki,2000,732235.64,49283-511,Reba Sillis,Female,Account Executive,Bronx,United States,US,New York,2018-06-30,51393-6778,2019-05-01,First Class,Truck,10454,917808.3,2,0.48,jcb,Very Good,305,2018-06,5,458904.15
409,Tagcat,9372,Pontiac,Fiero,Violet,1984,757472.62,36800-262,Eudora Joscelyne,Female,Developer I,Cedar Rapids,United States,US,Iowa,2019-02-22,0591-0338,2019-03-13,Same Day,Air,52405,708510.59,1,0.4,jcb,Very Bad,19,2019-02,1,708510.59
410,Rhyzio,7971,Ferrari,458 Italia,Red,2010,582419.91,48951-1035,Judye Dayes,Female,Research Associate,Boston,United States,US,Massachusetts,2019-02-02,49349-361,2019-01-02,Standard Class,Air,2109,907567.38,1,0.72,jcb,Very Good,-31,2019-02,5,907567.38
411,Thoughtbeat,8627,Dodge,Challenger,Crimson,2011,660881.09,0527-1326,Alisa Eastcott,Female,GIS Technical Architect,Grand Rapids,United States,US,Michigan,2018-12-12,64406-005,2019-02-25,Same Day,Truck,49505,993389.77,1,0.58,jcb,Very Good,75,2018-12,5,993389.77
412,Edgeify,3509,Toyota,4Runner,Mauv,2006,537191.11,41520-981,Cordelie Maes,Female,Actuary,Macon,United States,US,Georgia,2019-02-15,0781-2693,2019-06-01,First Class,Air,31296,940724.28,2,0.36,jcb,Bad,106,2019-02,2,470362.14
413,Photofeed,32,Lincoln,Continental,Puce,2000,571257.96,52862-201,Alejoa Izhaky,Male,VP Product Management,Denver,United States,US,Colorado,2019-01-03,21695-900,2019-01-16,Same Day,Air,80243,803566.43,2,0.38,jcb,Very Bad,13,2019-01,1,401783.215
414,Divavu,7889,Volkswagen,Cabriolet,Green,1989,705332.77,55154-3953,Lamond O'Cullinane,Male,Information Systems Manager,Toledo,United States,US,Ohio,2018-12-11,41250-897,2019-02-08,Same Day,Air,43610,724746.45,2,0.85,visa,Very Bad,59,2018-12,1,362373.225
415,Kazu,4685,Cadillac,Catera,Red,1997,517838.85,55154-5627,Gottfried Danhel,Male,Graphic Designer,Honolulu,United States,US,Hawaii,2018-11-12,37000-363,2019-01-04,Standard Class,Air,96850,708915.65,1,0.26,americanexpress,Very Bad,53,2018-11,1,708915.65
416,Avamba,8425,Chevrolet,Express,Purple,2009,550137.65,64725-0773,Bronny Gerren,Male,Systems Administrator II,Corona,United States,US,California,2018-12-11,55910-105,2019-01-28,First Class,Truck,92883,762854.55,2,0.76,jcb,Bad,48,2018-12,2,381427.275
417,Bluejam,869,Ford,Bronco,Red,1988,558871.72,54868-0644,Paquito Gasgarth,Male,Professor,Roanoke,United States,US,Virginia,2019-03-11,67938-2006,2019-03-19,Same Day,Air,24034,945409.64,1,0.63,jcb,Good,8,2019-03,4,945409.64
418,Browsetype,146,GMC,Yukon XL 1500,Crimson,2013,746845.47,63777-255,Petr Ream,Male,Financial Analyst,Maple Plain,United States,US,Minnesota,2018-11-04,58404-002,2019-05-08,Second Class,Truck,55579,746469.36,2,0.36,jcb,Okay,185,2018-11,3,373234.68
419,Skidoo,9946,Hyundai,Tucson,Pink,2011,520626.8,50436-6624,Clea Hubball,Female,Geologist II,Gadsden,United States,US,Alabama,2018-12-15,16781-391,2019-06-07,Standard Class,Truck,35905,954495.74,2,0.77,mastercard,Very Good,174,2018-12,5,477247.87
420,Brainbox,1265,Volkswagen,Cabriolet,Goldenrod,1998,519163.82,36987-3322,Piggy Lorimer,Male,Physical Therapy Assistant,Boston,United States,US,Massachusetts,2018-08-29,63629-1398,2019-01-31,Same Day,Air,2119,795471.74,2,0.56,visa,Very Bad,155,2018-08,1,397735.87
421,Livepath,6869,Cadillac,Escalade,Maroon,1999,569307.28,49349-872,Kittie Hedling,Female,Food Chemist,Dayton,United States,US,Ohio,2018-09-24,65862-156,2019-02-26,Second Class,Air,45490,989563.41,1,0.6,jcb,Good,155,2018-09,4,989563.41
422,Brainsphere,292,Pontiac,Sunfire,Fuscia,1995,754928.8,0143-9856,Valdemar Klawi,Male,Accounting Assistant I,Winston Salem,United States,US,North Carolina,2018-08-30,53329-060,2019-01-28,Same Day,Air,27105,877648.28,1,0.82,laser,Good,151,2018-08,4,877648.28
423,Aimbo,34,Pontiac,Firefly,Maroon,1990,683451.73,0378-3000,Reinald Dayley,Male,Tax Accountant,Waco,United States,US,Texas,2018-12-08,68703-126,2019-03-06,Standard Class,Truck,76711,705887.49,1,0.31,diners-club-international,Very Bad,88,2018-12,1,705887.49
424,Flashdog,321,Land Rover,Defender,Turquoise,1995,754339.76,55154-5599,Daveta Inglesfield,Female,Budget/Accounting Analyst I,Humble,United States,US,Texas,2018-11-13,52686-269,2019-02-06,First Class,Air,77346,956281.86,2,0.55,jcb,Okay,85,2018-11,3,478140.93
425,Chatterbridge,1698,Chevrolet,Camaro,Mauv,1999,692354.26,36987-3131,Kynthia McLleese,Female,Database Administrator IV,Daytona Beach,United States,US,Florida,2019-05-05,63874-687,2019-03-04,Same Day,Air,32128,876335.12,2,0.27,jcb,Okay,-62,2019-05,3,438167.56
426,Vidoo,9646,Infiniti,G,Yellow,1996,722011.08,0472-0166,Ring Briston,Male,Tax Accountant,Bellevue,United States,US,Washington,2018-09-10,0603-4467,2019-04-19,Same Day,Air,98008,724222.87,2,0.47,jcb,Very Good,221,2018-09,5,362111.435
427,Rhynyx,9961,Infiniti,QX,Yellow,2004,780435.83,63629-4018,Korie Dyte,Female,Sales Associate,Nashville,United States,US,Tennessee,2018-07-11,61957-1025,2019-02-09,Second Class,Air,37205,807442.68,1,0.84,jcb,Very Good,213,2018-07,5,807442.68
428,Quatz,4834,GMC,Suburban 1500,Aquamarine,1999,787041.1,55111-763,Inna Gliddon,Female,Cost Accountant,Littleton,United States,US,Colorado,2018-10-25,62111-0212,2019-04-24,First Class,Truck,80161,975043.14,2,0.49,bankcard,Good,181,2018-10,4,487521.57
429,Zoovu,8609,Isuzu,Rodeo,Red,1992,682066.73,60681-2301,Berkie Tesdale,Male,Internal Auditor,Springfield,United States,US,Illinois,2018-07-01,52125-451,2019-02-17,Second Class,Truck,62705,733749.91,2,0.35,solo,Okay,231,2018-07,3,366874.955
430,Zoonder,5497,Buick,Century,Purple,2005,636390.78,55910-664,Amberly Spurgeon,Female,Associate Professor,Anchorage,United States,US,Alaska,2019-01-30,68084-713,2019-03-05,Second Class,Air,99522,882367.09,2,0.3,jcb,Very Bad,34,2019-01,1,441183.545
431,Tanoodle,7844,Mitsubishi,Cordia,Mauv,1986,669311.28,50742-152,Yolanda Hick,Female,Information Systems Manager,Newark,United States,US,Delaware,2019-06-08,60709-101,2019-05-23,Standard Class,Air,19714,769301.23,1,0.68,jcb,Very Bad,-16,2019-06,1,769301.23
432,Lazzy,304,Lotus,Esprit,Orange,1993,644944.49,52083-637,Lindon Vidineev,Male,Compensation Analyst,Portland,United States,US,Oregon,2018-11-05,11673-510,2019-01-19,Second Class,Truck,97221,880990.12,1,0.82,mastercard,Okay,75,2018-11,3,880990.12
433,Brainlounge,7870,Suzuki,X-90,Mauv,1998,669539.97,76237-153,Lorrayne Pawel,Female,Structural Engineer,Corpus Christi,United States,US,Texas,2018-07-15,68382-022,2019-03-19,Second Class,Air,78475,978487.83,1,0.37,jcb,Very Good,247,2018-07,5,978487.83
434,Thoughtmix,6995,Isuzu,Trooper,Purple,1994,531757.37,57955-5130,Jenica Brydson,Female,Engineer I,Kansas City,United States,US,Missouri,2018-12-13,61748-025,2019-02-27,Second Class,Air,64190,761139.99,1,0.65,maestro,Bad,76,2018-12,2,761139.99
435,Twinte,3526,GMC,Acadia,Goldenrod,2007,503085.42,67386-421,Carter Ingamells,Male,Programmer I,San Francisco,United States,US,California,2018-12-30,30142-008,2019-01-29,Same Day,Air,94110,943060.99,2,0.77,jcb,Very Good,30,2018-12,5,471530.495
436,Zoombeat,128,Mitsubishi,Truck,Pink,1987,732226.47,0338-0047,Georg Scrancher,Male,Information Systems Manager,Pasadena,United States,US,California,2019-04-03,11673-679,2019-03-02,Standard Class,Truck,91199,890807.06,2,0.83,switch,Bad,-32,2019-04,2,445403.53
437,Bubblemix,7491,Chevrolet,Impala,Indigo,1994,689679.13,55289-251,Ford Collopy,Male,Junior Executive,Columbus,United States,US,Ohio,2019-01-30,10812-094,2019-03-11,Standard Class,Truck,43231,813302.71,2,0.74,maestro,Good,40,2019-01,4,406651.355
438,Linkbuzz,8245,Ford,Mustang,Violet,1987,735244.7,21695-628,Teodoor O'Curneen,Male,Programmer Analyst IV,Anchorage,United States,US,Alaska,2018-11-10,21695-693,2019-06-11,Second Class,Truck,99599,746554.82,1,0.62,jcb,Very Bad,213,2018-11,1,746554.82
439,Vitz,8492,Mercedes-Benz,SL-Class,Maroon,2009,666358.14,49348-934,El Bumpus,Male,Electrical Engineer,Greeley,United States,US,Colorado,2018-09-02,58276-015,2019-06-13,Same Day,Truck,80638,965227.24,2,0.56,laser,Bad,284,2018-09,2,482613.62
440,Ozu,7737,Chevrolet,Silverado 1500,Green,2000,630110.16,55289-663,Leighton Joffe,Male,Safety Technician I,Alexandria,United States,US,Virginia,2018-10-13,69152-0018,2019-05-21,Standard Class,Air,22309,828669.91,1,0.51,china-unionpay,Very Bad,220,2018-10,1,828669.91
441,Skyble,9303,Honda,Odyssey,Pink,1998,696990.83,49520-501,Trevar Robjohns,Male,Account Representative III,Washington,United States,US,District of Columbia,2018-12-11,66993-664,2019-03-04,Standard Class,Air,20099,735706.58,2,0.45,diners-club-carte-blanche,Very Good,83,2018-12,5,367853.29
442,Kazu,7766,Buick,Lucerne,Maroon,2008,713693.94,63629-1605,Betteanne Hutchcraft,Female,VP Quality Control,El Paso,United States,US,Texas,2018-09-01,61767-306,2019-02-20,First Class,Air,88525,886724.2,1,0.53,bankcard,Good,172,2018-09,4,886724.2
443,Browsezoom,713,Land Rover,Range Rover,Khaki,2010,779991.83,11822-0656,Worden Camerello,Male,Sales Representative,Tallahassee,United States,US,Florida,2019-04-25,64942-1352,2019-03-24,Second Class,Air,32304,737010.7,2,0.65,americanexpress,Very Bad,-32,2019-04,1,368505.35
444,Eimbee,29,Audi,riolet,Teal,1996,661113.15,61328-001,Jolynn Bubeer,Female,Accountant III,Alhambra,United States,US,California,2018-08-21,0173-0453,2019-05-08,Same Day,Truck,91841,795497.49,1,0.36,mastercard,Good,260,2018-08,4,795497.49
445,Vitz,8873,Toyota,Solara,Blue,2004,572151.15,50436-8102,Helene Allaway,Female,Librarian,Asheville,United States,US,North Carolina,2019-04-23,59045-1001,2019-03-02,Second Class,Truck,28805,723054.8,1,0.86,jcb,Bad,-52,2019-04,2,723054.8
446,Skippad,9749,Buick,Park Avenue,Turquoise,1997,665233.99,54111-113,Finlay Addison,Male,Web Developer II,San Diego,United States,US,California,2019-04-10,55910-804,2019-03-09,First Class,Air,92170,958446.75,1,0.39,jcb,Okay,-32,2019-04,3,958446.75
447,Ntag,7979,Toyota,T100,Violet,1997,598281.37,30698-202,Ginny Satford,Female,Quality Control Specialist,Raleigh,United States,US,North Carolina,2018-10-01,36987-2526,2019-05-22,Second Class,Air,27610,772511.88,2,0.73,jcb,Good,233,2018-10,4,386255.94
448,Youspan,5569,Ford,E150,Crimson,2004,541214.23,0430-0115,Georgiana Leimster,Female,Editor,East Saint Louis,United States,US,Illinois,2018-07-25,46122-255,2019-04-27,Same Day,Air,62205,999091.78,1,0.34,visa-electron,Bad,276,2018-07,2,999091.78
449,Gabtype,8362,Buick,LeSabre,Crimson,1999,736388.36,0002-4115,Rafaela Hummerston,Female,Research Associate,Newark,United States,US,New Jersey,2019-01-04,36987-1667,2019-05-27,Second Class,Air,7195,943041.6,2,0.54,diners-club-enroute,Very Good,143,2019-01,5,471520.8
450,Oba,519,Dodge,Ram 3500,Yellow,2008,757665.88,65044-6590,Cathi Picker,Female,Office Assistant IV,Boise,United States,US,Idaho,2018-11-06,42507-090,2019-05-18,Standard Class,Air,83711,839084.88,2,0.8,visa-electron,Good,193,2018-11,4,419542.44
451,Abatz,4253,Mercury,Grand Marquis,Yellow,1989,671298.77,56149-001,Kizzee MacGregor,Female,Cost Accountant,Houston,United States,US,Texas,2018-12-21,65342-1007,2019-01-23,Standard Class,Air,77234,881123.85,2,0.76,jcb,Okay,33,2018-12,3,440561.925
452,Roombo,891,Mercedes-Benz,300D,Pink,1993,722439.41,55648-953,Sonny Nurcombe,Male,Software Consultant,Sacramento,United States,US,California,2018-09-24,53329-019,2019-02-10,Same Day,Truck,94263,772133.44,2,0.83,jcb,Good,139,2018-09,4,386066.72
453,Topiczoom,8692,Hyundai,Sonata,Crimson,1994,514486.5,0268-1139,Joannes Collingdon,Female,Assistant Media Planner,Waterbury,United States,US,Connecticut,2019-02-14,16714-588,2019-03-24,Standard Class,Air,6726,948234.77,2,0.66,americanexpress,Okay,38,2019-02,3,474117.385
454,Zoonoodle,4256,Morgan,Aero 8,Green,2007,578375.38,49288-0142,Ange Dearan,Male,VP Sales,Staten Island,United States,US,New York,2018-10-02,59726-258,2019-01-16,Same Day,Truck,10305,729591.5,2,0.57,jcb,Very Good,106,2018-10,5,364795.75
455,Cogilith,1279,Subaru,Tribeca,Maroon,2008,768870.77,68745-1056,Isabel Bysh,Female,Account Representative III,Jacksonville,United States,US,Florida,2019-04-20,34645-5018,2019-03-17,Standard Class,Truck,32204,733529.11,1,0.84,jcb,Bad,-34,2019-04,2,733529.11
456,Trilith,3773,Oldsmobile,Bravada,Aquamarine,1994,556397.6,64117-118,Elwood Magrane,Male,Staff Accountant I,Riverside,United States,US,California,2019-01-08,54868-5759,2019-03-29,First Class,Truck,92505,717486.98,2,0.72,maestro,Very Good,80,2019-01,5,358743.49
457,Meetz,3794,BMW,Z3,Green,2001,552085.33,15127-550,Germaine Quincey,Female,Accountant I,Washington,United States,US,District of Columbia,2019-05-22,0093-0173,2019-05-06,First Class,Air,20067,898100.59,1,0.5,mastercard,Good,-16,2019-05,4,898100.59
458,Roombo,754,Jeep,Liberty,Purple,2002,661128.07,65649-802,Wilfred Barmadier,Male,Information Systems Manager,Washington,United States,US,District of Columbia,2018-08-12,24236-350,2019-03-18,Second Class,Air,20226,965633.6,1,0.8,laser,Bad,218,2018-08,2,965633.6
459,Tagcat,8897,Toyota,4Runner,Crimson,1999,775280.52,36987-1770,Euphemia McNuff,Female,Sales Associate,Denver,United States,US,Colorado,2019-02-28,58118-1391,2019-04-21,First Class,Truck,80270,727320.46,1,0.29,jcb,Bad,52,2019-02,2,727320.46
460,Innojam,7012,Subaru,XT,Pink,1991,792254.0,63629-4730,Jaime Roistone,Female,Structural Analysis Engineer,Muncie,United States,US,Indiana,2019-01-08,55154-5102,2019-06-05,First Class,Truck,47306,805972.29,2,0.54,jcb,Bad,148,2019-01,2,402986.145
461,Thoughtworks,7532,Chevrolet,Suburban 1500,Fuscia,2011,667028.25,59535-8101,Elga Ardy,Female,Junior Executive,Springfield,United States,US,Illinois,2018-07-23,55513-924,2019-01-21,Standard Class,Air,62776,972681.47,2,0.8,bankcard,Bad,182,2018-07,2,486340.735
462,Bluezoom,3851,Suzuki,Swift,Maroon,1996,623455.83,49738-081,Otha Glassford,Female,Sales Associate,Terre Haute,United States,US,Indiana,2018-09-24,60681-1001,2019-05-23,First Class,Air,47812,970572.88,2,0.83,jcb,Very Bad,241,2018-09,1,485286.44
463,Npath,9737,Dodge,Daytona,Goldenrod,1984,565504.68,47593-507,Chick MacCracken,Male,Administrative Assistant IV,San Antonio,United States,US,Texas,2018-11-28,30142-098,2019-05-30,Standard Class,Air,78220,709349.55,2,0.63,jcb,Bad,183,2018-11,2,354674.775
464,Midel,872,Jaguar,XK Series,Fuscia,2005,617670.71,68647-193,Wilhelmina Pantone,Female,Statistician IV,Fresno,United States,US,California,2018-09-16,49349-284,2019-05-18,Standard Class,Air,93773,926420.38,2,0.27,jcb,Good,244,2018-09,4,463210.19
465,Wordtune,7865,Pontiac,Gemini,Orange,1987,549809.01,43857-0150,Anetta Pohlke,Female,Research Assistant I,Charleston,United States,US,West Virginia,2019-01-04,51442-543,2019-06-13,Standard Class,Truck,25356,886334.01,1,0.57,americanexpress,Okay,160,2019-01,3,886334.01
466,Teklist,2072,Mitsubishi,Galant,Aquamarine,1993,584732.92,59970-051,Tybi Lazenby,Female,Civil Engineer,New Orleans,United States,US,Louisiana,2019-05-12,10191-1569,2019-01-23,First Class,Truck,70187,723611.55,1,0.35,visa-electron,Very Bad,-109,2019-05,1,723611.55
467,Skimia,77,BMW,X5,Yellow,2002,565214.83,37000-555,Edd Stille,Male,Analyst Programmer,Phoenix,United States,US,Arizona,2018-07-22,54868-4096,2019-05-09,Same Day,Truck,85062,765444.82,2,0.58,instapayment,Okay,291,2018-07,3,382722.41
468,Feednation,3793,Lotus,Elise,Maroon,2004,613272.52,11673-027,Tiebold Brinson,Male,Programmer IV,Sacramento,United States,US,California,2019-05-04,36987-1664,2019-04-23,First Class,Truck,94286,908062.27,1,0.55,mastercard,Bad,-11,2019-05,2,908062.27
469,Quaxo,9216,Pontiac,Sunbird,Crimson,1983,608562.22,69075-001,Tristam Le Breton,Male,Financial Analyst,Albuquerque,United States,US,New Mexico,2019-05-28,44567-802,2019-01-23,First Class,Truck,87140,819189.22,2,0.37,jcb,Okay,-125,2019-05,3,409594.61
470,Skaboo,7678,Dodge,Ram 1500,Pink,1999,712777.85,49288-0826,Hillyer Snartt,Male,Teacher,Santa Clara,United States,US,California,2019-04-15,65862-155,2019-03-09,Standard Class,Truck,95054,876908.46,2,0.66,diners-club-enroute,Okay,-37,2019-04,3,438454.23
471,Lajo,5329,Porsche,944,Yellow,1985,545924.57,13537-503,Charin Witt,Female,Research Associate,Buffalo,United States,US,New York,2018-09-11,43742-0175,2019-04-24,First Class,Air,14215,724844.48,1,0.62,switch,Very Good,225,2018-09,5,724844.48
472,Edgetag,612,Chevrolet,Corvette,Indigo,1953,532923.48,0002-7597,Foss Ratcliffe,Male,Chief Design Engineer,Olympia,United States,US,Washington,2019-02-03,68428-158,2019-05-06,First Class,Air,98506,890076.42,1,0.32,visa,Very Bad,92,2019-02,1,890076.42
473,JumpXS,1755,Mitsubishi,Galant,Aquamarine,2004,767749.68,55550-102,Ly Hordle,Male,Product Engineer,Long Beach,United States,US,California,2019-03-06,0615-1311,2019-02-02,Standard Class,Air,90810,989960.93,1,0.38,diners-club-enroute,Very Bad,-32,2019-03,1,989960.93
474,Oba,9976,Cadillac,STS,Khaki,2009,669912.41,65044-1437,Callida Causer,Female,Food Chemist,El Paso,United States,US,Texas,2018-10-25,62750-060,2019-06-04,First Class,Truck,79999,882530.88,2,0.8,jcb,Bad,222,2018-10,2,441265.44
475,Photolist,8387,Subaru,Impreza,Maroon,2006,651000.95,51785-514,Teodor Lawly,Male,Analyst Programmer,Clearwater,United States,US,Florida,2019-02-03,21130-002,2019-03-15,Same Day,Air,33763,968912.35,1,0.59,jcb,Very Good,40,2019-02,5,968912.35
476,Innotype,9635,Nissan,Quest,Teal,1999,513164.28,0054-0435,Nalani Micka,Female,Engineer III,Newport Beach,United States,US,California,2019-01-19,62296-0021,2019-01-06,Same Day,Air,92662,805456.7,2,0.27,bankcard,Good,-13,2019-01,4,402728.35
477,Feednation,633,Lexus,GX,Teal,2003,645759.44,0054-8181,James Doneld,Male,Computer Systems Analyst II,Tuscaloosa,United States,US,Alabama,2019-02-26,68788-9204,2019-02-01,Standard Class,Air,35405,858051.56,2,0.61,laser,Bad,-25,2019-02,2,429025.78
478,Zava,81,Mercury,Sable,Aquamarine,1998,696271.57,53489-330,Judy Kopf,Female,Environmental Specialist,New Haven,United States,US,Connecticut,2019-02-27,65585-511,2019-03-05,Same Day,Truck,6520,838978.3,1,0.78,instapayment,Bad,6,2019-02,2,838978.3
479,Eazzy,9451,Volkswagen,rio,Puce,2000,693154.15,68151-1174,Blondell Liddard,Female,Senior Quality Engineer,Omaha,United States,US,Nebraska,2019-04-22,10544-227,2019-05-14,Standard Class,Air,68117,793703.92,2,0.39,visa-electron,Good,22,2019-04,4,396851.96
480,Snaptags,8804,GMC,Sierra 3500,Crimson,2009,658316.68,35356-698,Ive Dunsford,Male,Payment Adjustment Coordinator,Minneapolis,United States,US,Minnesota,2018-10-31,41163-413,2019-04-30,Same Day,Truck,55487,912691.3,1,0.29,china-unionpay,Very Bad,181,2018-10,1,912691.3
481,Oyonder,9915,Plymouth,Reliant,Purple,1981,603300.58,63629-5191,Tedmund Ould,Male,Teacher,Houston,United States,US,Texas,2019-01-28,63824-303,2019-05-31,First Class,Truck,77206,872255.78,2,0.32,jcb,Bad,123,2019-01,2,436127.89
482,Skilith,9194,Volvo,XC60,Red,2012,589798.37,0168-0279,Brady Dahlen,Male,Sales Associate,Santa Monica,United States,US,California,2018-06-25,50988-400,2019-02-19,Second Class,Air,90410,970386.74,1,0.49,jcb,Good,239,2018-06,4,970386.74
483,Jaxnation,504,Mitsubishi,Lancer Evolution,Green,2003,555439.93,52959-386,Ursuline Burniston,Female,Web Designer IV,Amarillo,United States,US,Texas,2018-12-12,68788-9714,2019-05-18,Same Day,Air,79165,902939.46,1,0.57,diners-club-international,Very Good,157,2018-12,5,902939.46
484,Skippad,8594,Mitsubishi,Eclipse,Blue,1991,651029.95,36987-2212,Jessee Lidgely,Male,Internal Auditor,Seattle,United States,US,Washington,2018-08-04,55154-6027,2019-02-08,Standard Class,Air,98195,927879.16,2,0.58,jcb,Bad,188,2018-08,2,463939.58
485,Katz,7121,Chevrolet,Camaro,Yellow,2002,635301.28,61715-118,Jackquelin Stradling,Female,Compensation Analyst,Springfield,United States,US,Massachusetts,2019-03-15,58118-0031,2019-03-31,Standard Class,Air,1152,818145.13,2,0.82,instapayment,Bad,16,2019-03,2,409072.565
486,Pixonyx,4575,BMW,X3,Blue,2008,573845.58,52810-411,Riordan Laise,Male,Account Coordinator,San Antonio,United States,US,Texas,2019-03-01,55926-0021,2019-04-04,Second Class,Truck,78285,801355.67,2,0.38,china-unionpay,Very Bad,34,2019-03,1,400677.835
487,Quimba,8395,Mercedes-Benz,E-Class,Puce,1985,620916.42,66993-902,Kennan Tumbelty,Male,Environmental Tech,Washington,United States,US,District of Columbia,2018-12-25,76436-204,2019-03-17,Second Class,Air,20530,935254.87,1,0.25,switch,Okay,82,2018-12,3,935254.87
488,Zoonoodle,4551,Citroën,CX,Pink,1989,535583.38,76439-218,Kristyn Kenrat,Female,Nurse Practicioner,Waterbury,United States,US,Connecticut,2019-04-10,58232-0016,2019-06-12,Standard Class,Air,6705,853729.39,2,0.49,mastercard,Bad,63,2019-04,2,426864.695
489,Brightdog,5199,Ford,Escape,Indigo,2013,515076.09,0703-7045,Nanni Pumfrett,Female,GIS Technical Architect,Memphis,United States,US,Tennessee,2019-03-13,43353-815,2019-01-09,Standard Class,Air,38181,703557.26,2,0.34,jcb,Very Bad,-63,2019-03,1,351778.63
490,Jabberbean,7786,Mercedes-Benz,CL-Class,Purple,2004,733882.58,21695-655,Woodie Leif,Male,Account Representative II,Kansas City,United States,US,Kansas,2018-07-04,55111-220,2019-06-07,First Class,Truck,66160,880589.44,2,0.39,americanexpress,Very Bad,338,2018-07,1,440294.72
491,Brightbean,9981,Chrysler,Cirrus,Red,1999,704831.17,63323-086,Haven Piggen,Male,Payment Adjustment Coordinator,New Orleans,United States,US,Louisiana,2018-08-10,76329-3301,2019-01-01,First Class,Truck,70116,739988.12,1,0.5,jcb,Good,144,2018-08,4,739988.12
492,LiveZ,4381,Honda,Odyssey,Orange,2004,751722.52,0363-8130,Wendi Kineton,Female,Structural Engineer,San Francisco,United States,US,California,2019-03-31,76354-005,2019-04-06,Standard Class,Truck,94110,998562.82,2,0.63,mastercard,Very Bad,6,2019-03,1,499281.41
493,Brainbox,5110,Kia,Rio,Pink,2006,500412.46,55305-116,Minnnie McGougan,Female,Recruiter,Cleveland,United States,US,Ohio,2018-10-13,55289-816,2019-03-08,Standard Class,Air,44111,876223.9,1,0.28,visa-electron,Very Good,146,2018-10,5,876223.9
494,Blogtags,5893,Toyota,Highlander,Purple,2009,719290.59,0268-1007,Rozella Bedboro,Female,Structural Engineer,Concord,United States,US,California,2019-04-12,59779-930,2019-03-12,Same Day,Air,94522,786998.55,2,0.68,visa,Okay,-31,2019-04,3,393499.275
495,Plajo,6695,Chevrolet,Silverado 3500HD,Red,2006,653416.69,65966-001,Cindie Nanuccioi,Female,Payment Adjustment Coordinator,Houston,United States,US,Texas,2018-07-12,0054-0243,2019-02-13,First Class,Truck,77040,950904.6,1,0.88,jcb,Good,216,2018-07,4,950904.6
496,Twitterwire,4289,Chrysler,300M,Maroon,2002,783490.19,51079-575,Joy Sandyford,Female,Help Desk Technician,Manchester,United States,US,New Hampshire,2019-05-07,54458-916,2019-04-24,First Class,Air,3105,776910.83,2,0.53,jcb,Very Bad,-13,2019-05,1,388455.415
497,Jaloo,4614,Buick,Regal,Pink,1992,507428.47,53877-006,Celene Hymas,Female,Account Representative I,Tulsa,United States,US,Oklahoma,2019-03-12,57520-0360,2019-01-15,First Class,Air,74126,958053.93,1,0.62,jcb,Bad,-56,2019-03,2,958053.93
498,Abata,9232,Maserati,GranTurismo,Aquamarine,2011,506473.26,0220-9346,Erin Martijn,Male,Research Assistant II,Hartford,United States,US,Connecticut,2018-10-02,68258-3001,2019-06-15,Second Class,Air,6160,938507.65,2,0.86,jcb,Okay,256,2018-10,3,469253.825
499,Babbleset,5162,Buick,Skylark,Purple,1989,575307.81,66116-402,Dayle Newbatt,Female,Staff Accountant III,Albany,United States,US,New York,2019-03-29,55312-332,2019-01-13,First Class,Truck,12227,885763.43,2,0.64,jcb,Okay,-75,2019-03,3,442881.715
500,Browsebug,3331,Ford,F350,Fuscia,2000,715560.89,61715-108,Duke Fruchon,Male,Junior Executive,Columbus,United States,US,Ohio,2019-03-29,10477-2627,2019-01-20,Standard Class,Air,43284,898768.41,2,0.7,diners-club-enroute,Good,-68,2019-03,4,449384.205
501,Jatri,2933,Dodge,Avenger,Blue,1997,733721.67,52033-001,Millard Corneille,Male,Dental Hygienist,Washington,United States,US,District of Columbia,2019-01-09,0069-0079,2019-01-03,First Class,Air,20029,871622.99,1,0.85,jcb,Bad,-6,2019-01,2,871622.99
502,Teklist,12,Ford,Econoline E250,Fuscia,1999,674000.04,60505-0821,Waite Huckin,Male,Graphic Designer,Houston,United States,US,Texas,2019-02-26,41520-958,2019-06-09,Second Class,Air,77299,719980.57,2,0.56,visa,Bad,103,2019-02,2,359990.285
503,Topicshots,3729,Toyota,Venza,Aquamarine,2012,604216.78,42507-374,Eldredge Sleath,Male,Tax Accountant,Palm Bay,United States,US,Florida,2018-08-29,52376-021,2019-03-03,Standard Class,Air,32909,913883.52,1,0.89,americanexpress,Good,186,2018-08,4,913883.52
504,Twinte,6696,Chrysler,Sebring,Pink,2007,559428.86,14783-099,Germaine Jarrard,Female,Director of Sales,Saint Augustine,United States,US,Florida,2019-04-20,50580-134,2019-02-12,Same Day,Truck,32092,765754.69,2,0.63,bankcard,Very Bad,-67,2019-04,1,382877.345
505,Quatz,5029,Dodge,Ram 3500,Pink,1994,765576.5,68258-3032,Analise Pedley,Female,Compensation Analyst,Des Moines,United States,US,Iowa,2019-01-28,0406-0367,2019-02-08,Second Class,Truck,50393,755200.23,1,0.33,laser,Very Bad,11,2019-01,1,755200.23
506,Viva,4466,Maserati,Quattroporte,Green,2005,561692.04,36987-1519,Adolph Pedley,Male,Assistant Media Planner,Topeka,United States,US,Kansas,2019-01-31,33261-342,2019-04-25,First Class,Air,66617,855020.04,2,0.79,jcb,Good,84,2019-01,4,427510.02
507,Topicware,4972,Ford,E250,Blue,2005,700110.9,21130-255,Modesta MacEntee,Female,Mechanical Systems Engineer,Rockville,United States,US,Maryland,2018-11-14,0472-0911,2019-01-11,Second Class,Truck,20851,852020.36,2,0.63,instapayment,Very Good,58,2018-11,5,426010.18
508,Brightdog,402,Acura,Integra,Mauv,1998,781411.93,12830-739,Julina Rowcastle,Female,Design Engineer,Naperville,United States,US,Illinois,2019-01-09,64024-970,2019-02-01,Second Class,Air,60567,865242.2,2,0.3,china-unionpay,Bad,23,2019-01,2,432621.1
509,Lazzy,9161,Honda,Accord,Maroon,1985,744236.27,49035-393,Jamal Attoc,Male,Account Representative III,Denver,United States,US,Colorado,2019-03-30,54170-110,2019-04-20,Standard Class,Air,80262,985763.8,2,0.42,switch,Bad,21,2019-03,2,492881.9
510,Jaxworks,8415,Volkswagen,GTI,Purple,1997,534452.2,63323-117,Jakie Shenton,Male,Media Manager II,Charlotte,United States,US,North Carolina,2019-04-26,63629-2882,2019-03-05,Second Class,Air,28299,771152.11,2,0.7,mastercard,Okay,-52,2019-04,3,385576.055
511,Agimba,8877,Mazda,MX-5,Puce,1990,666168.02,10586-9104,Max Doley,Female,Environmental Specialist,Chattanooga,United States,US,Tennessee,2018-10-05,21130-296,2019-06-02,First Class,Truck,37450,957071.04,1,0.29,mastercard,Very Bad,240,2018-10,1,957071.04
512,Gigashots,4240,Nissan,240SX,Turquoise,1995,535141.14,0069-6001,James Tripcony,Male,Physical Therapy Assistant,New Orleans,United States,US,Louisiana,2018-08-30,0955-1041,2019-01-08,Standard Class,Air,70187,716008.74,1,0.89,jcb,Okay,131,2018-08,3,716008.74
513,Babbleblab,9136,Saab,9-5,Aquamarine,2011,673180.95,61699-4888,Gael Yurov,Female,Business Systems Development Analyst,North Las Vegas,United States,US,Nevada,2018-12-27,64720-321,2019-04-25,Same Day,Air,89036,756463.73,1,0.35,jcb,Very Bad,119,2018-12,1,756463.73
514,Quimba,69,Audi,Allroad,Aquamarine,2005,668880.58,64942-1305,Michaelina De Hooch,Female,Marketing Assistant,Riverside,United States,US,California,2019-03-21,41167-0031,2019-04-29,Standard Class,Truck,92505,958022.53,1,0.36,jcb,Okay,39,2019-03,3,958022.53
515,Voonix,3753,Volvo,XC60,Purple,2012,739155.3,49288-0591,Becka Barlass,Female,Teacher,Atlanta,United States,US,Georgia,2018-11-30,11822-0542,2019-03-31,Standard Class,Truck,30368,700480.52,1,0.29,diners-club-carte-blanche,Very Good,121,2018-11,5,700480.52
516,Twitterbeat,1031,Buick,Century,Purple,2002,709582.06,54868-1590,Kaela O'Doireidh,Female,Product Engineer,Vancouver,United States,US,Washington,2018-09-04,43742-0087,2019-02-06,First Class,Air,98682,829557.3,1,0.5,jcb,Okay,155,2018-09,3,829557.3
517,Meetz,7882,Mercury,Capri,Pink,1986,702527.3,68788-9203,Lazaro Gouinlock,Male,Project Manager,Sacramento,United States,US,California,2019-01-11,41250-829,2019-05-07,First Class,Truck,94286,892599.94,1,0.44,maestro,Very Good,116,2019-01,5,892599.94
518,Jazzy,2242,Saab,9-3,Green,2005,783661.39,59572-205,Pearla Aspland,Female,Nuclear Power Engineer,Washington,United States,US,District of Columbia,2018-10-25,60512-1017,2019-03-13,Standard Class,Air,20088,832080.27,2,0.72,mastercard,Bad,139,2018-10,2,416040.135
519,Realbridge,58,Chrysler,Pacifica,Yellow,2004,611128.05,51808-210,Ashton De Mattei,Male,Chief Design Engineer,Albany,United States,US,New York,2018-11-12,59779-620,2019-02-03,First Class,Truck,12210,921035.98,1,0.44,diners-club-carte-blanche,Very Good,83,2018-11,5,921035.98
520,Vimbo,3785,Dodge,Ram Van 2500,Teal,2003,592129.56,63739-805,Rita Breakwell,Female,Assistant Professor,Birmingham,United States,US,Alabama,2019-04-27,48433-311,2019-04-29,First Class,Truck,35279,817508.04,1,0.52,mastercard,Good,2,2019-04,4,817508.04
521,Eabox,5021,Mitsubishi,Excel,Indigo,1989,723731.51,42602-003,Vanya Conwell,Female,Quality Engineer,Cleveland,United States,US,Ohio,2018-07-30,67938-0942,2019-02-10,Standard Class,Air,44125,732820.42,2,0.78,diners-club-enroute,Good,195,2018-07,4,366410.21
522,Topicshots,6561,Mazda,Protege,Teal,1998,560565.94,0220-9081,Katusha Benet,Female,Staff Accountant IV,Pittsburgh,United States,US,Pennsylvania,2018-07-24,43742-0343,2019-01-15,First Class,Truck,15240,941817.29,2,0.73,jcb,Bad,175,2018-07,2,470908.645
523,Youopia,8866,Mercedes-Benz,M-Class,Red,1998,653470.84,50242-075,Harwilll Scallon,Male,Sales Associate,Paterson,United States,US,New Jersey,2018-10-29,13537-220,2019-02-26,Same Day,Air,7544,740237.44,2,0.64,jcb,Very Bad,120,2018-10,1,370118.72
524,Aibox,9317,Subaru,Forester,Red,2007,530257.82,49349-677,Retha Couzens,Female,Environmental Tech,Dayton,United States,US,Ohio,2019-04-26,0395-1213,2019-04-09,Second Class,Truck,45408,803378.01,1,0.75,bankcard,Bad,-17,2019-04,2,803378.01
525,Twimbo,4641,Mazda,B-Series Plus,Blue,1996,691121.91,52959-009,Orelle Dibb,Female,Web Developer II,Beaufort,United States,US,South Carolina,2018-09-22,75887-003,2019-01-10,Second Class,Air,29905,792237.37,2,0.89,jcb,Very Bad,110,2018-09,1,396118.685
526,Gabcube,8473,Mazda,Miata MX-5,Crimson,2008,689817.44,54569-1155,Siward Stainton - Skinn,Male,Statistician I,Orlando,United States,US,Florida,2019-02-17,41520-114,2019-03-26,Second Class,Truck,32835,931525.87,2,0.32,americanexpress,Very Bad,37,2019-02,1,465762.935
527,Yabox,50,Chevrolet,Bel Air,Goldenrod,1967,540948.38,43857-0023,Ric Limbert,Male,Director of Sales,Jacksonville,United States,US,Florida,2019-02-02,0591-3964,2019-05-22,Second Class,Truck,32259,796675.88,1,0.84,maestro,Very Bad,109,2019-02,1,796675.88
528,Midel,3143,Plymouth,Laser,Crimson,1989,610866.9,60681-1002,Sisile Jammet,Female,Community Outreach Specialist,Visalia,United States,US,California,2018-10-01,55711-070,2019-04-24,First Class,Air,93291,899138.27,2,0.74,americanexpress,Bad,205,2018-10,2,449569.135
529,Quatz,4561,Pontiac,Sunfire,Pink,2004,629947.59,68682-004,Kynthia Kettlesing,Female,Technical Writer,South Bend,United States,US,Indiana,2018-07-13,48951-2084,2019-01-11,Standard Class,Air,46614,749736.46,2,0.9,bankcard,Very Good,182,2018-07,5,374868.23
530,Oyoba,3925,Ford,Edge,Khaki,2009,777418.65,0904-6191,Conrado Van der Daal,Male,Editor,Cincinnati,United States,US,Ohio,2018-09-04,0054-8528,2019-01-13,First Class,Air,45296,795709.75,1,0.63,jcb,Okay,131,2018-09,3,795709.75
531,Jayo,1351,Mazda,MPV,Green,1990,524531.89,52810-212,Rainer Donaway,Male,Recruiter,Oklahoma City,United States,US,Oklahoma,2018-12-07,63459-201,2019-03-03,Standard Class,Truck,73167,770851.96,1,0.44,americanexpress,Good,86,2018-12,4,770851.96
532,Flipstorm,5599,Audi,A3,Violet,2012,674456.59,51672-1271,Inger Sellan,Female,Senior Financial Analyst,Bradenton,United States,US,Florida,2019-05-06,52125-574,2019-04-15,Same Day,Air,34210,841175.73,1,0.5,switch,Very Good,-21,2019-05,5,841175.73
533,Dynabox,5900,Lotus,Elise,Goldenrod,2009,518657.83,10544-151,Amata Dell,Female,Editor,Lubbock,United States,US,Texas,2018-12-14,10096-0258,2019-02-08,Standard Class,Truck,79405,908650.52,2,0.3,jcb,Bad,56,2018-12,2,454325.26
534,Flipbug,3429,Suzuki,Vitara,Yellow,2002,546296.85,11822-6101,Tonya Tidball,Female,Occupational Therapist,Boca Raton,United States,US,Florida,2019-05-30,44523-603,2019-04-30,Second Class,Air,33432,838528.58,2,0.4,laser,Okay,-30,2019-05,3,419264.29
535,Myworks,3481,Pontiac,Trans Sport,Goldenrod,1991,600871.41,51655-102,Karim Rosevear,Male,Cost Accountant,Springfield,United States,US,Missouri,2019-05-29,63323-127,2019-03-08,Same Day,Truck,65805,796593.13,1,0.7,jcb,Very Bad,-82,2019-05,1,796593.13
536,Cogilith,5369,Dodge,Intrepid,Goldenrod,2002,594583.1,0409-3213,Lea Wernham,Female,Chemical Engineer,Florence,United States,US,South Carolina,2019-06-10,68737-226,2019-04-08,Standard Class,Truck,29505,896621.53,1,0.39,jcb,Bad,-63,2019-06,2,896621.53
537,Trudeo,2779,Mitsubishi,Raider,Crimson,2009,660245.46,50114-8500,Berkeley Roz,Male,Legal Assistant,Detroit,United States,US,Michigan,2018-07-25,0268-1138,2019-05-06,First Class,Truck,48217,732441.62,1,0.8,mastercard,Okay,285,2018-07,3,732441.62
538,Blognation,7704,Volvo,C30,Turquoise,2009,748409.41,33237-002,Christin Shottin,Female,Product Engineer,Anaheim,United States,US,California,2018-11-13,24385-054,2019-06-12,Standard Class,Air,92812,780766.03,1,0.46,jcb,Very Good,211,2018-11,5,780766.03
539,Kwimbee,2799,Volkswagen,Jetta,Yellow,1987,741224.47,55154-2734,Car Gerwood,Male,Recruiting Manager,Tallahassee,United States,US,Florida,2018-07-27,60793-130,2019-01-10,First Class,Air,32399,938479.84,2,0.27,maestro,Very Good,167,2018-07,5,469239.92
540,Quimba,118,Suzuki,Sidekick,Puce,1997,573481.77,67296-0470,Tammi Hurch,Female,Health Coach I,Las Vegas,United States,US,Nevada,2019-05-11,50383-063,2019-01-31,First Class,Air,89140,706633.15,2,0.8,visa,Very Good,-100,2019-05,5,353316.575
541,LiveZ,3764,Oldsmobile,Cutlass Supreme,Teal,1993,608535.16,37012-484,Rockwell Cresser,Male,Assistant Manager,Asheville,United States,US,North Carolina,2018-07-12,65862-134,2019-06-17,First Class,Truck,28805,869402.01,1,0.89,visa-electron,Good,340,2018-07,4,869402.01
542,Abatz,3403,Chevrolet,Express 3500,Yellow,1996,760883.96,11527-163,Mateo Reolfi,Male,Compensation Analyst,Jeffersonville,United States,US,Indiana,2018-11-11,57520-0503,2019-04-24,Second Class,Truck,47134,744912.09,2,0.31,jcb,Very Good,164,2018-11,5,372456.045
543,Fiveclub,304,Lexus,ES,Blue,2002,620925.48,0185-0128,My Leneve,Male,Design Engineer,Wichita,United States,US,Kansas,2018-12-22,62037-938,2019-02-05,Standard Class,Air,67220,935182.86,2,0.59,jcb,Okay,45,2018-12,3,467591.43
544,InnoZ,2371,Toyota,Solara,Yellow,2003,796767.55,36987-2792,Karee Richemond,Female,Paralegal,Van Nuys,United States,US,California,2019-01-30,0067-6025,2019-01-02,Same Day,Truck,91411,795237.45,2,0.37,diners-club-enroute,Bad,-28,2019-01,2,397618.725
545,Oba,3775,GMC,3500 Club Coupe,Purple,1994,552464.54,0113-0973,Becky Karppi,Female,Account Executive,Brooklyn,United States,US,New York,2019-03-09,16590-609,2019-06-08,Standard Class,Air,11241,922429.28,1,0.72,instapayment,Okay,91,2019-03,3,922429.28
546,Innotype,4623,Volvo,V90,Indigo,1997,770234.37,58118-1260,Fanechka Fant,Female,Account Representative I,San Francisco,United States,US,California,2019-01-27,64117-250,2019-02-02,Standard Class,Air,94169,957463.31,1,0.59,jcb,Good,6,2019-01,4,957463.31
547,Avamm,8706,Isuzu,Hombre,Fuscia,1999,763156.52,60512-2015,Abdel Trathan,Male,Information Systems Manager,Wilmington,United States,US,Delaware,2019-01-17,45802-283,2019-01-14,First Class,Truck,19892,898723.16,1,0.85,maestro,Very Bad,-3,2019-01,1,898723.16
548,Skivee,4519,Ford,Aspire,Goldenrod,1994,628831.35,63010-011,Gabrielle Scrivenor,Female,Research Associate,Honolulu,United States,US,Hawaii,2019-05-02,14720-372,2019-01-26,Second Class,Truck,96845,931999.99,1,0.41,mastercard,Okay,-96,2019-05,3,931999.99
549,Meejo,5292,Mazda,Miata MX-5,Maroon,2002,711760.55,37808-351,Jocelyn Tatlock,Female,Compensation Analyst,New York City,United States,US,New York,2018-12-29,0113-2476,2019-04-30,Same Day,Truck,10155,740283.16,1,0.74,jcb,Good,122,2018-12,4,740283.16
550,Dabjam,754,Dodge,Durango,Maroon,2009,703519.17,60429-323,Missy Powland,Female,Administrative Assistant II,Huntsville,United States,US,Alabama,2018-06-30,43063-407,2019-01-27,Second Class,Air,35815,911847.09,1,0.72,jcb,Bad,211,2018-06,2,911847.09
551,Trupe,5593,Jeep,Grand Cherokee,Orange,2010,579570.63,59351-0333,Malanie McIlroy,Female,VP Accounting,Sacramento,United States,US,California,2019-03-11,36987-1216,2019-04-07,Standard Class,Air,95823,924010.0,1,0.56,switch,Very Bad,27,2019-03,1,924010.0
552,Jaxnation,7937,Volkswagen,GTI,Turquoise,1997,761039.81,52685-454,Linn Gaythwaite,Male,Quality Engineer,El Paso,United States,US,Texas,2019-01-29,68001-133,2019-02-24,Second Class,Truck,79911,817701.54,1,0.37,jcb,Good,26,2019-01,4,817701.54
553,Avaveo,5824,Lexus,IS-F,Green,2012,544052.09,0002-4465,Minerva Noir,Female,Safety Technician II,Indianapolis,United States,US,Indiana,2019-05-23,10742-8368,2019-06-17,Same Day,Air,46221,797957.33,1,0.27,jcb,Good,25,2019-05,4,797957.33
554,Babbleopia,8876,Infiniti,Q,Orange,2001,757878.29,63187-087,Eveleen Rittelmeyer,Female,Professor,Phoenix,United States,US,Arizona,2019-01-18,54868-4381,2019-06-08,First Class,Truck,85053,843930.47,2,0.75,maestro,Very Good,141,2019-01,5,421965.235
555,Kare,8269,Suzuki,Kizashi,Red,2011,643784.73,41520-873,Norine Harris,Female,Assistant Professor,Orlando,United States,US,Florida,2018-12-30,37808-431,2019-01-13,Second Class,Air,32835,725006.81,2,0.68,maestro,Bad,14,2018-12,2,362503.405
556,Kaymbo,1229,Chevrolet,3500,Mauv,1993,714010.1,68391-306,Myer McQuilliam,Male,Automation Specialist III,Washington,United States,US,District of Columbia,2018-10-19,35356-173,2019-02-15,Standard Class,Air,20220,989798.81,2,0.4,maestro,Okay,119,2018-10,3,494899.405
557,Layo,1724,Volvo,V40,Orange,2002,599234.27,49349-336,Beverley Elstub,Female,Senior Developer,Washington,United States,US,District of Columbia,2018-07-18,0378-0344,2019-01-14,Standard Class,Air,56944,955661.07,1,0.29,americanexpress,Good,180,2018-07,4,955661.07
558,Babbleopia,9545,Volvo,C70,Turquoise,2008,524051.85,10812-604,Hewet Stithe,Male,VP Quality Control,Baltimore,United States,US,Maryland,2018-07-26,0378-2017,2019-03-29,First Class,Truck,21265,779769.27,1,0.58,jcb,Good,246,2018-07,4,779769.27
559,Skippad,9154,Infiniti,M,Blue,2007,762039.69,63629-1558,Shanon Dudgeon,Female,Environmental Tech,Houston,United States,US,Texas,2018-10-24,60512-6646,2019-04-28,Standard Class,Air,77206,984606.86,1,0.29,diners-club-enroute,Very Good,186,2018-10,5,984606.86
560,Realpoint,3452,Scion,iQ,Goldenrod,2012,527372.53,0498-0401,Gar Vernall,Male,Assistant Media Planner,New Castle,United States,US,Pennsylvania,2018-12-19,49349-334,2019-02-18,First Class,Truck,16107,740278.41,1,0.87,switch,Good,61,2018-12,4,740278.41
561,Avaveo,8960,Ford,Excursion,Maroon,2005,597917.34,23155-014,Barry Filippello,Male,Senior Cost Accountant,Tucson,United States,US,Arizona,2018-09-24,54738-908,2019-03-29,Standard Class,Truck,85754,849568.1,1,0.37,china-unionpay,Good,186,2018-09,4,849568.1
562,Ntag,3227,Mercedes-Benz,SL-Class,Blue,2011,645402.68,54868-6162,Colby Pittendreigh,Male,Professor,Oakland,United States,US,California,2018-08-22,0085-1110,2019-03-06,Same Day,Truck,94611,938371.34,2,0.56,china-unionpay,Okay,196,2018-08,3,469185.67
563,Eimbee,370,Mercedes-Benz,E-Class,Aquamarine,2002,647466.27,60760-978,Dannie Bold,Male,Occupational Therapist,Atlanta,United States,US,Georgia,2019-05-26,43353-867,2019-02-24,Same Day,Truck,30301,901134.64,1,0.32,jcb,Very Good,-91,2019-05,5,901134.64
564,Jabbersphere,2219,Buick,Lucerne,Indigo,2011,756084.82,11822-0450,Melitta Dulany,Female,Budget/Accounting Analyst IV,Redwood City,United States,US,California,2019-05-01,68258-7980,2019-01-28,First Class,Truck,94064,922666.88,2,0.56,jcb,Okay,-93,2019-05,3,461333.44
565,Divanoodle,161,Honda,CR-V,Orange,1997,679745.5,63730-292,Hunfredo MacChaell,Male,Geological Engineer,Texarkana,United States,US,Texas,2018-09-06,58118-1342,2019-06-06,Standard Class,Air,75507,891147.46,1,0.49,maestro,Very Bad,273,2018-09,1,891147.46
566,Livefish,7711,Mitsubishi,Galant,Red,1994,572474.69,60429-354,Benita Jandera,Female,Graphic Designer,Boca Raton,United States,US,Florida,2018-10-09,37205-607,2019-05-17,Second Class,Air,33499,958300.42,1,0.35,mastercard,Very Bad,220,2018-10,1,958300.42
567,Janyx,5821,Chevrolet,Monte Carlo,Yellow,2000,501681.17,0283-0679,Kort Hobbert,Male,Automation Specialist IV,Worcester,United States,US,Massachusetts,2019-04-17,52380-0540,2019-04-24,Standard Class,Air,1654,846498.77,2,0.69,americanexpress,Very Good,7,2019-04,5,423249.385
568,Babbleblab,3172,Subaru,Forester,Red,2007,706042.96,0456-0095,Cornelius Hirthe,Male,Internal Auditor,Huntington,United States,US,West Virginia,2019-05-01,76113-012,2019-05-10,Same Day,Air,25721,742354.62,1,0.88,jcb,Good,9,2019-05,4,742354.62
569,Mita,7878,Volkswagen,Cabriolet,Yellow,1989,532077.53,50181-0038,Ibby Druhan,Female,Geological Engineer,Knoxville,United States,US,Tennessee,2018-07-16,61245-145,2019-01-17,Same Day,Truck,37914,929795.76,2,0.55,jcb,Very Bad,185,2018-07,1,464897.88
570,Divavu,442,Chevrolet,Camaro,Goldenrod,1969,527560.44,60971-1176,Pammie Drover,Female,Mechanical Systems Engineer,Irving,United States,US,Texas,2018-12-04,51389-119,2019-01-22,Second Class,Truck,75062,811729.0,2,0.59,jcb,Bad,49,2018-12,2,405864.5
571,Feedfire,7031,Nissan,GT-R,Turquoise,2011,506821.81,55301-411,Tamas Claye,Male,Information Systems Manager,Louisville,United States,US,Kentucky,2019-02-01,75857-1100,2019-02-06,Second Class,Air,40280,868698.33,2,0.56,jcb,Good,5,2019-02,4,434349.165
572,Muxo,9643,Suzuki,Vitara,Teal,2002,531593.7,44523-450,Eveline McKirdy,Female,Electrical Engineer,Little Rock,United States,US,Arkansas,2018-12-26,49967-206,2019-01-26,First Class,Air,72231,910114.62,1,0.36,diners-club-carte-blanche,Very Good,31,2018-12,5,910114.62
573,Fivespan,9219,Pontiac,Bonneville,Indigo,1968,521774.37,64942-0894,Benetta Matthis,Female,Associate Professor,Toledo,United States,US,Ohio,2018-07-25,12462-201,2019-02-27,Standard Class,Air,43656,826583.87,1,0.89,jcb,Bad,217,2018-07,2,826583.87
574,Topicstorm,500,Pontiac,Montana,Turquoise,2005,688179.93,54868-5585,Brandtr Playhill,Male,Database Administrator IV,Carson City,United States,US,Nevada,2019-02-24,49738-872,2019-04-14,Same Day,Truck,89714,712249.45,2,0.57,jcb,Bad,49,2019-02,2,356124.725
575,Tambee,8684,Eagle,Talon,Yellow,1990,768898.81,22700-143,Cherrita Ebi,Female,Quality Engineer,Washington,United States,US,District of Columbia,2019-06-01,36987-1842,2019-04-29,Same Day,Air,20470,911911.25,2,0.41,jcb,Bad,-33,2019-06,2,455955.625
576,Meezzy,8944,Ford,Aerostar,Red,1997,660411.83,36987-3061,Standford Goodhall,Male,Software Consultant,Silver Spring,United States,US,Maryland,2019-05-01,0013-2651,2019-05-11,First Class,Air,20904,811909.78,2,0.39,diners-club-carte-blanche,Okay,10,2019-05,3,405954.89
577,Kwilith,3121,Chevrolet,Camaro,Khaki,1967,689570.61,59310-175,Vevay Stagg,Female,Registered Nurse,Gadsden,United States,US,Alabama,2018-11-26,24330-410,2019-04-11,Second Class,Air,35905,807335.29,2,0.41,diners-club-carte-blanche,Very Good,136,2018-11,5,403667.645
578,InnoZ,7779,Toyota,Celica,Khaki,2003,742359.49,47781-103,Kirbee Woolager,Female,Recruiter,Bronx,United States,US,New York,2018-10-23,24987-242,2019-01-05,Same Day,Air,10464,920041.64,2,0.27,bankcard,Okay,74,2018-10,3,460020.82
579,Jaloo,5311,Lincoln,LS,Mauv,2003,761782.87,67692-148,Troy Scoon,Male,Speech Pathologist,New York City,United States,US,New York,2019-03-06,55648-967,2019-05-26,Standard Class,Truck,10160,860503.45,1,0.51,switch,Bad,81,2019-03,2,860503.45
580,Fanoodle,3814,Chevrolet,Astro,Pink,1997,695450.22,0378-3005,Arte De Angelo,Male,Human Resources Assistant II,Sacramento,United States,US,California,2018-12-16,0270-1314,2019-04-17,Same Day,Air,95852,740768.09,2,0.63,diners-club-carte-blanche,Okay,122,2018-12,3,370384.045
581,Twimm,7878,BMW,M5,Goldenrod,2008,673726.33,68745-1019,Tammie Schaumaker,Male,Environmental Tech,Pittsburgh,United States,US,Pennsylvania,2018-10-10,63739-047,2019-02-08,Standard Class,Truck,15220,929636.59,2,0.58,jcb,Very Good,121,2018-10,5,464818.295
582,Camido,8115,Pontiac,Grand Prix,Purple,1996,546993.51,68084-734,Cybil Seeney,Female,Registered Nurse,Phoenix,United States,US,Arizona,2019-03-03,76509-800,2019-01-18,Second Class,Air,85010,712164.3,2,0.71,jcb,Okay,-44,2019-03,3,356082.15
583,Einti,243,Audi,S6,Violet,2009,757251.54,36987-3362,Hadleigh Baptiste,Male,Safety Technician IV,Macon,United States,US,Georgia,2019-01-22,55289-390,2019-04-09,First Class,Truck,31296,995138.41,2,0.89,jcb,Bad,77,2019-01,2,497569.205
584,Edgeify,5845,Buick,Somerset,Turquoise,1987,780201.47,23155-112,Loria Chander,Female,Structural Analysis Engineer,Alexandria,United States,US,Louisiana,2018-11-19,57691-108,2019-02-18,Second Class,Air,71307,952627.07,1,0.44,jcb,Good,91,2018-11,4,952627.07
585,Quaxo,7923,Buick,Park Avenue,Red,2000,671395.03,64125-127,Warden Pund,Male,Information Systems Manager,Carson City,United States,US,Nevada,2019-02-17,51523-006,2019-02-24,Second Class,Air,89706,993368.91,1,0.81,switch,Very Good,7,2019-02,5,993368.91
586,Skinix,9988,Isuzu,Trooper,Khaki,1992,676215.34,45802-770,Terrell Brocket,Male,General Manager,Miami,United States,US,Florida,2019-03-09,36987-3350,2019-04-29,Standard Class,Air,33190,950423.02,2,0.7,jcb,Good,51,2019-03,4,475211.51
587,Vimbo,8892,Ford,Club Wagon,Teal,1993,742207.22,49693-1801,Othello Whettleton,Male,Research Assistant II,Dallas,United States,US,Texas,2018-11-23,49035-449,2019-05-29,Same Day,Truck,75210,932820.19,1,0.41,jcb,Very Bad,187,2018-11,1,932820.19
588,Skipfire,8039,Subaru,Outback,Pink,2011,566794.25,36987-3360,Sybille MacParland,Female,Financial Advisor,Dallas,United States,US,Texas,2019-06-15,58232-0721,2019-01-03,Second Class,Truck,75241,817665.95,1,0.44,jcb,Bad,-163,2019-06,2,817665.95
589,Wordtune,9802,Volkswagen,GTI,Indigo,2000,769088.39,0395-1003,Winston Denness,Male,Food Chemist,Tyler,United States,US,Texas,2018-12-14,57237-082,2019-04-18,Same Day,Truck,75705,935839.8,2,0.51,switch,Okay,125,2018-12,3,467919.9
590,Thoughtmix,7978,Acura,NSX,Indigo,1995,668051.61,45802-453,Everard MacFaul,Male,VP Accounting,Lexington,United States,US,Kentucky,2018-10-23,58232-0037,2019-05-25,Second Class,Truck,40586,894285.16,1,0.83,maestro,Very Good,214,2018-10,5,894285.16
591,Layo,282,Pontiac,Vibe,Indigo,2006,652121.19,51393-7336,Camel Rollo,Female,Programmer Analyst II,Santa Rosa,United States,US,California,2019-06-04,0603-4979,2019-01-29,Standard Class,Air,95405,819652.66,1,0.35,china-unionpay,Good,-126,2019-06,4,819652.66
592,Blogpad,5193,Mercedes-Benz,CLS-Class,Crimson,2010,733580.12,0409-0219,Adams Kaaskooper,Male,Structural Analysis Engineer,Las Vegas,United States,US,Nevada,2019-01-10,53208-377,2019-06-09,Same Day,Truck,89105,978988.09,1,0.53,bankcard,Very Bad,150,2019-01,1,978988.09
593,Skibox,9616,Mazda,B2000,Green,1985,752822.39,75936-113,Brose Warlaw,Male,Senior Developer,Savannah,United States,US,Georgia,2018-12-17,64942-0819,2019-03-25,Second Class,Air,31416,828364.86,1,0.54,americanexpress,Good,98,2018-12,4,828364.86
594,Feedbug,8861,BMW,M3,Indigo,2001,634012.21,51386-300,Garrard Vonderdell,Male,Human Resources Manager,Trenton,United States,US,New Jersey,2019-05-06,0781-9404,2019-06-01,Second Class,Air,8650,824706.54,2,0.65,jcb,Okay,26,2019-05,3,412353.27
595,Trunyx,1422,Isuzu,Rodeo,Blue,1994,735110.74,0025-1851,Donelle Gwatkins,Female,VP Accounting,Des Moines,United States,US,Iowa,2018-06-20,0363-0311,2019-05-19,Second Class,Truck,50330,784176.28,1,0.74,jcb,Okay,333,2018-06,3,784176.28
596,Skiba,2104,Lamborghini,Diablo,Red,1995,639325.75,50988-183,Brander Westhofer,Male,VP Quality Control,Spokane,United States,US,Washington,2018-10-25,0268-1524,2019-03-08,First Class,Truck,99210,712590.5,1,0.82,mastercard,Bad,134,2018-10,2,712590.5
597,Thoughtstorm,9315,Oldsmobile,Cutlass Cruiser,Fuscia,1993,577105.85,59779-349,Isabelita McKilroe,Female,Data Coordiator,New York City,United States,US,New York,2019-05-23,43269-694,2019-04-18,First Class,Truck,10004,887350.81,2,0.43,bankcard,Very Bad,-35,2019-05,1,443675.405
598,Dabtype,9411,Pontiac,GTO,Goldenrod,2004,594796.89,52533-103,Gilbert Reven,Male,Senior Cost Accountant,Baton Rouge,United States,US,Louisiana,2018-08-09,51346-230,2019-03-28,Second Class,Air,70820,971787.33,1,0.29,diners-club-carte-blanche,Okay,231,2018-08,3,971787.33
599,Skidoo,101,Chrysler,Town & Country,Mauv,1996,518555.94,0220-9324,Chryste Please,Female,Operator,Des Moines,United States,US,Iowa,2019-04-14,55910-014,2019-04-29,First Class,Air,50393,990115.45,1,0.85,diners-club-carte-blanche,Okay,15,2019-04,3,990115.45
600,Wikibox,8070,Hyundai,Tucson,Red,2010,569753.76,41190-915,Isadora Riggoll,Female,Assistant Manager,New Castle,United States,US,Pennsylvania,2019-02-17,0069-3120,2019-03-24,Standard Class,Truck,16107,997044.61,2,0.41,mastercard,Okay,35,2019-02,3,498522.305
601,Linklinks,5296,Mercedes-Benz,E-Class,Fuscia,2011,535714.96,68345-965,Durward Hanvey,Male,Physical Therapy Assistant,Jacksonville,United States,US,Florida,2018-07-29,49288-0349,2019-06-06,Same Day,Truck,32215,860560.39,2,0.36,bankcard,Bad,312,2018-07,2,430280.195
602,Divanoodle,7091,Acura,RL,Indigo,2000,774027.46,68788-9164,Robers Coker,Male,Programmer I,Dallas,United States,US,Texas,2019-06-16,42508-157,2019-03-17,Standard Class,Air,75260,981664.2,2,0.44,jcb,Very Good,-91,2019-06,5,490832.1
603,Yakidoo,1231,MG,MGB,Khaki,1977,701700.99,66969-6014,Gianna Wycliffe,Female,Pharmacist,Orlando,United States,US,Florida,2019-02-14,55154-5154,2019-02-05,Second Class,Air,32859,831134.31,2,0.67,jcb,Very Good,-9,2019-02,5,415567.155
604,Yodel,7965,Ford,F-Series,Violet,1997,607062.87,48256-0011,Teddy Arnopp,Female,Engineer III,Saint Petersburg,United States,US,Florida,2019-01-04,67345-0681,2019-03-07,Same Day,Air,33731,776415.38,2,0.6,laser,Very Bad,62,2019-01,1,388207.69
605,Zoombeat,6691,BMW,M3,Mauv,2012,595765.47,0603-2433,Gerladina Beswetherick,Female,Recruiter,New York City,United States,US,New York,2019-02-22,59078-031,2019-02-09,Same Day,Truck,10009,977136.92,1,0.52,jcb,Very Bad,-13,2019-02,1,977136.92
606,Jamia,394,Hyundai,Elantra,Khaki,2004,697773.34,0597-0058,Pavel Griffith,Male,Health Coach II,Aurora,United States,US,Colorado,2019-02-25,65044-6695,2019-06-07,First Class,Air,80044,891672.21,1,0.7,bankcard,Okay,102,2019-02,3,891672.21
607,Yodo,4882,Austin,Mini Cooper,Indigo,1964,717807.54,53808-0347,Herculie Levi,Male,Office Assistant I,Pittsburgh,United States,US,Pennsylvania,2019-01-16,60512-1035,2019-02-05,First Class,Air,15266,777048.56,2,0.41,jcb,Bad,20,2019-01,2,388524.28
608,Twitterwire,1693,Daewoo,Lanos,Indigo,2001,518771.58,0485-0096,Rolfe Hamel,Male,Occupational Therapist,Staten Island,United States,US,New York,2019-02-04,10267-3852,2019-05-18,First Class,Air,10305,824035.7,2,0.61,diners-club-us-ca,Bad,103,2019-02,2,412017.85
609,Yambee,5253,Land Rover,Range Rover Classic,Teal,1993,782933.2,67457-483,Gerianne Casa,Female,Human Resources Assistant I,Tulsa,United States,US,Oklahoma,2018-08-19,64092-802,2019-02-11,Second Class,Air,74116,737975.27,2,0.68,americanexpress,Very Good,176,2018-08,5,368987.635
610,Zoombox,6823,Chevrolet,3500,Fuscia,1995,552264.38,41520-851,Kristyn Rosten,Female,Recruiter,Buffalo,United States,US,New York,2018-07-11,68788-9038,2019-01-24,Standard Class,Truck,14233,848949.57,2,0.86,jcb,Okay,197,2018-07,3,424474.785
611,Plajo,2642,Volkswagen,CC,Turquoise,2009,739678.91,55714-2252,Rasla Loch,Female,Actuary,Richmond,United States,US,Virginia,2018-11-01,11523-7227,2019-04-02,Same Day,Air,23289,791102.8,1,0.66,jcb,Very Bad,152,2018-11,1,791102.8
612,Skivee,8117,Subaru,XT,Maroon,1989,771615.41,11673-383,Gussy Gieraths,Female,Structural Analysis Engineer,Van Nuys,United States,US,California,2019-06-04,37000-233,2019-05-12,Second Class,Truck,91406,950938.83,1,0.84,americanexpress,Bad,-23,2019-06,2,950938.83
613,Jayo,8289,Porsche,911,Khaki,2009,680222.44,49738-201,Sonnie Woolnough,Female,Software Consultant,Saint Louis,United States,US,Missouri,2018-10-13,54868-0029,2019-01-07,Same Day,Truck,63104,892342.66,2,0.53,visa-electron,Okay,86,2018-10,3,446171.33
614,Oba,214,Ferrari,612 Scaglietti,Mauv,2010,673375.23,58118-0517,Laryssa Krystek,Female,Executive Secretary,Tulsa,United States,US,Oklahoma,2018-08-02,0172-3759,2019-01-19,Second Class,Air,74156,743647.02,2,0.34,diners-club-enroute,Very Good,170,2018-08,5,371823.51
615,Livefish,5304,Infiniti,Q,Yellow,2006,750632.87,42507-944,Cedric Le Gallo,Male,Professor,Sacramento,United States,US,California,2019-06-11,66467-9730,2019-05-15,Second Class,Truck,95838,771529.46,2,0.27,switch,Bad,-27,2019-06,2,385764.73
616,Miboo,3428,Mazda,MX-5,Fuscia,2010,736324.33,46122-500,Lindy Mountjoy,Female,Administrative Officer,Mobile,United States,US,Alabama,2019-01-11,60432-741,2019-01-13,Second Class,Air,36641,913702.08,1,0.57,mastercard,Good,2,2019-01,4,913702.08
617,Miboo,8007,Pontiac,Bonneville,Blue,1985,710786.2,42851-152,Thayne Skace,Male,Compensation Analyst,Salt Lake City,United States,US,Utah,2018-08-28,51991-192,2019-03-19,Standard Class,Air,84199,780696.77,2,0.74,china-unionpay,Bad,203,2018-08,2,390348.385
618,Voonder,1233,Pontiac,G6,Yellow,2008,676145.9,59762-6722,Berny Haucke,Female,Automation Specialist IV,Pueblo,United States,US,Colorado,2019-04-06,53057-010,2019-05-27,Same Day,Truck,81010,763541.16,2,0.43,jcb,Bad,51,2019-04,2,381770.58
619,Edgeblab,2741,Mazda,Familia,Orange,1990,643597.88,50573-3560,Pren Rosser,Male,Administrative Officer,Buffalo,United States,US,New York,2019-01-26,55315-189,2019-04-23,Second Class,Truck,14269,958248.92,1,0.66,visa-electron,Bad,87,2019-01,2,958248.92
620,Yoveo,1672,Chevrolet,Vega,Yellow,1971,727957.25,0378-4513,Cristen Sainthill,Female,Account Representative II,Memphis,United States,US,Tennessee,2018-07-17,68788-9525,2019-04-24,First Class,Truck,38136,819739.38,1,0.81,americanexpress,Bad,281,2018-07,2,819739.38
621,Yakijo,8962,Kia,Mentor,Yellow,1997,691360.54,68016-115,Gian Klementz,Male,Senior Cost Accountant,Stamford,United States,US,Connecticut,2018-07-22,63629-1595,2019-03-08,Same Day,Air,6912,835713.1,1,0.71,jcb,Very Bad,229,2018-07,1,835713.1
622,Jabberbean,3811,Morgan,Aero 8,Maroon,2007,532343.91,33261-158,Yorker Brewis,Male,Dental Hygienist,Mobile,United States,US,Alabama,2019-02-26,58914-012,2019-06-06,Second Class,Air,36616,731079.94,2,0.32,americanexpress,Okay,100,2019-02,3,365539.97
623,Yakidoo,7790,Cadillac,CTS,Khaki,2010,673432.16,63736-013,Weston Wastie,Male,Technical Writer,Peoria,United States,US,Illinois,2018-12-06,50742-109,2019-04-03,Same Day,Air,61629,834043.02,2,0.4,jcb,Okay,118,2018-12,3,417021.51
624,Skimia,6991,Kia,Rondo,Khaki,2008,589048.72,51531-5397,Laryssa Beachem,Female,Computer Systems Analyst I,Gainesville,United States,US,Florida,2018-10-24,43857-0337,2019-04-29,First Class,Truck,32610,735522.76,2,0.58,jcb,Very Good,187,2018-10,5,367761.38
625,Yotz,8256,Volvo,C70,Indigo,2008,718178.27,0363-1005,Denny Alred,Male,Automation Specialist IV,Charlotte,United States,US,North Carolina,2019-05-30,33261-082,2019-04-22,First Class,Air,28220,956935.45,2,0.39,jcb,Very Bad,-38,2019-05,1,478467.725
626,Camimbo,6019,Mercedes-Benz,400E,Violet,1993,785365.82,54162-004,Kacie Sheer,Female,Senior Developer,Aurora,United States,US,Colorado,2018-12-04,59535-1051,2019-01-04,Standard Class,Truck,80045,712230.24,2,0.38,mastercard,Okay,31,2018-12,3,356115.12
627,Leexo,9607,Ford,Taurus,Mauv,1986,512225.67,55154-2095,Sylas Chart,Male,Clinical Specialist,Las Vegas,United States,US,Nevada,2019-03-21,53405-0003,2019-03-09,Same Day,Truck,89150,891157.32,2,0.61,mastercard,Bad,-12,2019-03,2,445578.66
628,Leexo,9509,Volkswagen,Eos,Indigo,2011,679361.6,0615-1590,Gregoor Harries,Male,Quality Engineer,Roanoke,United States,US,Virginia,2019-03-18,36987-1245,2019-04-07,Standard Class,Air,24029,806673.24,2,0.54,laser,Very Good,20,2019-03,5,403336.62
629,Mynte,6381,Pontiac,6000,Yellow,1985,528568.02,61995-0212,Adelheid Edgeley,Female,VP Product Management,Colorado Springs,United States,US,Colorado,2019-01-08,49230-203,2019-03-04,Same Day,Truck,80915,775664.96,1,0.62,jcb,Okay,55,2019-01,3,775664.96
630,Camido,8122,GMC,Acadia,Teal,2007,782455.31,21695-975,Mirna Seedhouse,Female,Business Systems Development Analyst,New York City,United States,US,New York,2018-07-04,55319-050,2019-05-07,Same Day,Truck,10184,786369.5,2,0.67,jcb,Good,307,2018-07,4,393184.75
631,Pixonyx,6869,Mitsubishi,Challenger,Violet,1997,640079.55,36987-2202,Wanda Turton,Female,Biostatistician IV,Lehigh Acres,United States,US,Florida,2019-01-03,55154-5705,2019-05-01,Second Class,Air,33972,888587.82,2,0.73,diners-club-enroute,Very Good,118,2019-01,5,444293.91
632,Kwilith,6594,Suzuki,Sidekick,Blue,1998,501184.47,63044-203,Vivien Roelvink,Female,Junior Executive,Visalia,United States,US,California,2018-08-20,98132-2132,2019-02-18,Standard Class,Truck,93291,938110.31,1,0.29,maestro,Very Bad,182,2018-08,1,938110.31
633,Tambee,8294,Cadillac,XLR-V,Maroon,2006,608757.83,0781-5949,Gretta Gencke,Female,Research Nurse,Philadelphia,United States,US,Pennsylvania,2018-08-24,52959-655,2019-01-20,Standard Class,Truck,19146,839317.46,1,0.72,diners-club-carte-blanche,Bad,149,2018-08,2,839317.46
634,Jayo,3329,Dodge,Ram Van 1500,Blue,1998,597985.7,41250-236,Cori Shillitoe,Female,Geologist II,Fresno,United States,US,California,2018-12-08,60512-6445,2019-03-19,Standard Class,Truck,93762,761974.18,2,0.9,visa-electron,Very Bad,101,2018-12,1,380987.09
635,Skyvu,765,Mazda,MX-5,Goldenrod,2005,783560.28,68180-750,Modestine Gruszczak,Female,Senior Quality Engineer,Charleston,United States,US,West Virginia,2018-12-11,65044-0611,2019-03-27,Second Class,Air,25336,823774.58,2,0.37,visa-electron,Good,106,2018-12,4,411887.29
636,Mydeo,8181,Nissan,NX,Purple,1992,529834.34,40042-050,Vergil Grafton-Herbert,Male,Mechanical Systems Engineer,Omaha,United States,US,Nebraska,2019-02-18,51389-255,2019-01-01,Same Day,Air,68134,960903.36,1,0.42,jcb,Good,-48,2019-02,4,960903.36
637,Youspan,9632,Acura,TL,Mauv,2012,645509.45,36987-2177,Sindee Cholwell,Female,Financial Analyst,Albuquerque,United States,US,New Mexico,2019-03-25,61957-2150,2019-04-08,Same Day,Air,87201,778527.53,1,0.51,jcb,Very Good,14,2019-03,5,778527.53
638,Buzzster,7824,Pontiac,Firebird,Purple,1984,607372.3,0338-6307,Antonetta Ebden,Female,Mechanical Systems Engineer,Torrance,United States,US,California,2018-11-18,57520-0638,2019-01-08,Second Class,Air,90510,761228.77,2,0.9,jcb,Okay,51,2018-11,3,380614.385
639,Quatz,9101,Infiniti,QX,Puce,2008,717562.04,51824-014,Cesar Chelam,Male,Associate Professor,Mobile,United States,US,Alabama,2019-06-15,63629-3325,2019-03-06,Standard Class,Air,36670,989743.23,2,0.56,americanexpress,Very Good,-101,2019-06,5,494871.615
640,Tagcat,3,Lexus,GX,Puce,2012,523494.53,52125-357,Kristian Mardall,Male,Paralegal,Dayton,United States,US,Ohio,2018-09-24,51386-400,2019-02-17,Second Class,Air,45432,789298.88,1,0.45,diners-club-carte-blanche,Very Bad,146,2018-09,1,789298.88
641,Ozu,449,GMC,Savana 1500,Pink,2000,763216.32,50268-688,Tynan Oates,Male,Analyst Programmer,Riverside,United States,US,California,2019-04-16,75847-9001,2019-04-18,Same Day,Truck,92505,924082.02,1,0.27,jcb,Very Good,2,2019-04,5,924082.02
642,Cogilith,359,Pontiac,Bonneville,Maroon,1986,789868.88,30142-001,Jerri Attock,Male,Payment Adjustment Coordinator,Waco,United States,US,Texas,2019-06-09,13537-110,2019-01-07,Same Day,Truck,76705,704107.04,2,0.37,diners-club-enroute,Very Bad,-153,2019-06,1,352053.52
643,Twitterbridge,3974,Volvo,V90,Maroon,1997,558527.72,68001-215,Eadith Khadir,Female,Senior Editor,Bridgeport,United States,US,Connecticut,2019-04-28,59746-177,2019-05-29,Same Day,Truck,6673,977073.6,2,0.73,jcb,Very Good,31,2019-04,5,488536.8
644,Flipopia,7251,Jaguar,XJ Series,Crimson,2001,608076.0,62932-144,Miller Teenan,Male,Dental Hygienist,Las Vegas,United States,US,Nevada,2018-09-25,61957-0001,2019-04-03,First Class,Air,89105,993765.47,2,0.64,visa,Bad,190,2018-09,2,496882.735
645,Miboo,5673,MINI,Cooper Countryman,Orange,2012,791609.76,0527-1325,Mattheus Leedal,Male,Director of Sales,Mc Keesport,United States,US,Pennsylvania,2019-03-30,43337-9328,2019-03-13,Same Day,Truck,15134,716610.92,1,0.26,jcb,Very Good,-17,2019-03,5,716610.92
646,Divanoodle,4449,Suzuki,SJ,Blue,1985,674310.63,63187-133,Hannie McLellan,Female,Business Systems Development Analyst,Dayton,United States,US,Ohio,2018-11-01,60505-2782,2019-03-10,First Class,Truck,45454,839486.16,2,0.9,jcb,Very Bad,129,2018-11,1,419743.08
647,Kazu,7869,Lexus,CT,Purple,2012,577229.85,48951-7053,Derrik Emslie,Male,Database Administrator III,Saint Paul,United States,US,Minnesota,2018-06-26,43063-438,2019-02-03,Standard Class,Truck,55108,811231.72,1,0.36,maestro,Good,222,2018-06,4,811231.72
648,Quimba,5012,Land Rover,Discovery,Mauv,2012,543958.94,64764-151,Madelyn Hamal,Female,Engineer II,Fort Pierce,United States,US,Florida,2018-08-05,59279-514,2019-04-16,First Class,Truck,34981,834407.25,2,0.33,jcb,Bad,254,2018-08,2,417203.625
649,Jabberstorm,9209,Jaguar,XJ Series,Indigo,1999,540829.71,67750-1234,Cymbre Gaiger,Female,Senior Editor,New York City,United States,US,New York,2019-04-12,63941-238,2019-03-18,First Class,Truck,10203,990912.12,1,0.27,bankcard,Very Good,-25,2019-04,5,990912.12
650,Eidel,5214,Chevrolet,Suburban 2500,Turquoise,2005,758169.67,58443-0024,Carol-jean Oxlade,Female,Junior Executive,Dayton,United States,US,Ohio,2018-10-30,58517-360,2019-03-05,Second Class,Truck,45403,848589.35,1,0.69,jcb,Very Bad,126,2018-10,1,848589.35
651,Devpoint,1253,Maserati,Spyder,Fuscia,2004,770566.0,59779-101,Kelcie Scirman,Female,Marketing Assistant,Washington,United States,US,District of Columbia,2018-07-23,68645-021,2019-02-09,Standard Class,Truck,20540,730554.46,2,0.49,jcb,Good,201,2018-07,4,365277.23
652,Livetube,701,Kia,Sportage,Puce,2009,618975.97,60916-002,Gwenneth Godden,Female,Programmer IV,Anchorage,United States,US,Alaska,2019-04-01,0998-0408,2019-03-27,First Class,Air,99599,707101.04,1,0.7,jcb,Bad,-5,2019-04,2,707101.04
653,Jabbersphere,1351,GMC,Savana 3500,Blue,2007,756053.37,36800-517,Orland Luthwood,Male,Staff Scientist,Richmond,United States,US,Virginia,2019-04-14,76439-252,2019-03-01,Standard Class,Truck,23208,799258.82,2,0.77,jcb,Very Bad,-44,2019-04,1,399629.41
654,Eire,5314,Mazda,CX-9,Violet,2012,642663.85,59115-056,Westley Prugel,Male,Sales Associate,Springfield,United States,US,Missouri,2018-06-28,50268-061,2019-04-19,Standard Class,Truck,65805,805218.62,1,0.46,visa-electron,Good,295,2018-06,4,805218.62
655,Gabtype,9213,Mazda,CX-7,Green,2007,529095.29,53808-0218,Jess Burchess,Male,Associate Professor,Sioux City,United States,US,Iowa,2018-10-28,63629-3355,2019-02-26,Second Class,Truck,51110,808565.5,1,0.79,jcb,Good,121,2018-10,4,808565.5
656,Realblab,1751,Geo,Tracker,Puce,1994,719508.53,66479-581,Murray Stiegers,Male,Tax Accountant,Oklahoma City,United States,US,Oklahoma,2019-04-01,52125-805,2019-04-29,Same Day,Air,73190,912639.03,2,0.28,diners-club-enroute,Okay,28,2019-04,3,456319.515
657,Ntags,8902,GMC,Sierra 3500HD,Khaki,2006,732775.37,11673-067,Patti Denman,Female,Chief Design Engineer,Jacksonville,United States,US,Florida,2019-06-16,0004-0259,2019-04-27,Same Day,Truck,32209,874217.35,1,0.55,visa-electron,Bad,-50,2019-06,2,874217.35
658,Browsecat,435,Hyundai,Veracruz,Mauv,2010,727063.16,60660-7786,Richy Louth,Male,Professor,New York City,United States,US,New York,2018-11-27,49738-178,2019-06-09,Standard Class,Truck,10060,952405.8,2,0.38,jcb,Okay,194,2018-11,3,476202.9
659,Chatterpoint,7879,Infiniti,Q,Violet,2004,571919.96,49349-472,Daryl Haveline,Male,Associate Professor,Daytona Beach,United States,US,Florida,2019-01-31,54868-0113,2019-05-21,Same Day,Air,32128,998946.17,1,0.5,diners-club-enroute,Bad,110,2019-01,2,998946.17
660,Kwideo,2912,Toyota,Corolla,Fuscia,2005,638644.35,35356-544,Avram Wallicker,Male,Compensation Analyst,Elmira,United States,US,New York,2018-07-09,0268-0710,2019-05-20,First Class,Truck,14905,872374.92,1,0.29,diners-club-us-ca,Bad,315,2018-07,2,872374.92
661,Cogilith,9827,Chevrolet,Camaro,Crimson,2002,568280.89,0268-6618,Marve Gaynsford,Male,Internal Auditor,Montgomery,United States,US,Alabama,2019-03-28,63801-107,2019-04-10,First Class,Truck,36125,779286.32,2,0.86,americanexpress,Good,13,2019-03,4,389643.16
662,Topiclounge,8384,Bentley,Continental,Pink,2007,541512.45,16590-036,Danika Dunkirk,Female,Programmer Analyst III,Jacksonville,United States,US,Florida,2019-06-01,67046-231,2019-05-26,First Class,Truck,32204,974185.28,1,0.85,mastercard,Very Bad,-6,2019-06,1,974185.28
663,Yodoo,8835,Honda,Ridgeline,Blue,2007,613830.05,43742-0185,Bailie GiacobbiniJacob,Male,Assistant Manager,Oklahoma City,United States,US,Oklahoma,2018-12-29,0093-0132,2019-03-06,First Class,Air,73104,850717.71,1,0.74,visa,Good,67,2018-12,4,850717.71
664,Livepath,4195,Chevrolet,Suburban 1500,Orange,2004,515987.86,0363-0657,Othilie Caulwell,Female,VP Sales,Tucson,United States,US,Arizona,2018-09-03,10631-093,2019-05-05,First Class,Truck,85720,863995.73,1,0.75,jcb,Bad,244,2018-09,2,863995.73
665,Twitterworks,702,Suzuki,Grand Vitara,Goldenrod,2002,688373.49,64990-601,Marcia Burdis,Female,Environmental Tech,Sarasota,United States,US,Florida,2019-02-27,55910-042,2019-02-17,Same Day,Air,34276,869234.14,2,0.8,diners-club-enroute,Bad,-10,2019-02,2,434617.07
666,Vinder,8184,Chevrolet,Express 3500,Pink,2007,763208.56,43857-0238,Rudyard Heims,Male,Data Coordiator,Hartford,United States,US,Connecticut,2019-06-15,27505-002,2019-05-01,Standard Class,Truck,6160,982332.78,2,0.77,maestro,Very Bad,-45,2019-06,1,491166.39
667,Shufflebeat,3341,Ford,Mustang,Yellow,1987,539008.1,58232-0024,Etienne Domnin,Male,Legal Assistant,Chicago,United States,US,Illinois,2018-12-20,36987-1208,2019-01-30,First Class,Air,60646,991577.15,1,0.9,jcb,Very Bad,41,2018-12,1,991577.15
668,Oyoyo,9944,GMC,1500,Turquoise,1997,636538.52,54575-338,Randi Reitenbach,Female,Research Associate,New York City,United States,US,New York,2018-10-06,0395-1207,2019-01-25,Same Day,Truck,10125,866464.78,1,0.58,jcb,Very Good,111,2018-10,5,866464.78
669,Eabox,1411,Pontiac,Sunfire,Red,2004,708442.65,37808-595,Daniella Feirn,Female,Media Manager III,Washington,United States,US,District of Columbia,2018-08-11,42346-200,2019-05-02,Same Day,Truck,20062,873317.0,2,0.61,jcb,Bad,264,2018-08,2,436658.5
670,Trudoo,7786,BMW,M3,Green,2012,647261.03,55111-728,Sheena Coldtart,Female,Web Designer III,Flushing,United States,US,New York,2019-03-21,59667-0071,2019-01-28,Second Class,Truck,11355,956662.15,1,0.46,maestro,Okay,-52,2019-03,3,956662.15
671,Skynoodle,9525,Dodge,Stratus,Green,2003,599204.35,11716-8653,Madelyn Feathersby,Female,Internal Auditor,Melbourne,United States,US,Florida,2019-05-13,50458-178,2019-06-16,Same Day,Truck,32919,848990.62,2,0.66,switch,Very Bad,34,2019-05,1,424495.31
672,Brightbean,9116,Lamborghini,Gallardo,Purple,2009,714654.98,68382-112,Noak Delagua,Male,Computer Systems Analyst II,Riverside,United States,US,California,2019-06-12,60505-2539,2019-01-23,Same Day,Truck,92513,749325.93,2,0.9,maestro,Very Bad,-140,2019-06,1,374662.965
673,Abatz,8849,Mercedes-Benz,W201,Red,1988,562065.32,68428-740,Richmound Woodger,Male,Staff Accountant I,Lexington,United States,US,Kentucky,2018-09-06,57520-0781,2019-03-07,First Class,Air,40596,978500.72,2,0.88,laser,Very Bad,182,2018-09,1,489250.36
674,Kare,7252,Ford,F150,Pink,2004,632096.76,0363-0443,Sarine Curtain,Female,Media Manager IV,Port Charlotte,United States,US,Florida,2018-06-26,52654-0004,2019-05-07,Same Day,Truck,33954,850537.55,2,0.36,jcb,Good,315,2018-06,4,425268.775
675,Katz,4282,Volvo,850,Orange,1994,529273.76,41250-117,Shadow Blaiklock,Male,Research Associate,New York City,United States,US,New York,2018-08-05,24208-732,2019-02-26,Standard Class,Truck,10275,818919.24,2,0.89,bankcard,Okay,205,2018-08,3,409459.62
676,Livefish,1781,Chevrolet,Metro,Turquoise,2000,784307.8,55118-545,Ward Burston,Male,Director of Sales,Anchorage,United States,US,Alaska,2018-11-27,75862-021,2019-05-31,Standard Class,Air,99512,960701.39,2,0.88,jcb,Very Bad,185,2018-11,1,480350.695
677,Cogidoo,331,Dodge,Dakota,Blue,1993,543323.96,10631-099,Marcela Nials,Female,Biostatistician IV,Young America,United States,US,Minnesota,2019-03-22,0591-0885,2019-02-18,Standard Class,Air,55564,753692.62,2,0.73,jcb,Very Bad,-32,2019-03,1,376846.31
678,Linklinks,9991,Lamborghini,Diablo,Teal,1991,616493.0,36987-2341,Alexander Chastang,Male,Graphic Designer,Columbus,United States,US,Ohio,2019-03-01,68258-1972,2019-05-08,Same Day,Truck,43204,934482.24,2,0.38,jcb,Good,68,2019-03,4,467241.12
679,Wikizz,9015,Mercury,Mountaineer,Violet,2001,640766.85,55648-177,Agosto Amy,Male,Computer Systems Analyst IV,New York City,United States,US,New York,2018-07-09,50563-200,2019-04-21,Second Class,Truck,10009,773869.38,1,0.39,mastercard,Very Good,286,2018-07,5,773869.38
680,Browsedrive,3581,Buick,Skyhawk,Puce,1984,501528.57,52731-7003,Austen Crowter,Male,Budget/Accounting Analyst III,Philadelphia,United States,US,Pennsylvania,2018-07-24,11489-074,2019-04-14,First Class,Truck,19191,848881.86,2,0.85,jcb,Good,264,2018-07,4,424440.93
681,Riffwire,5909,Kia,Forte,Turquoise,2011,510117.79,0013-2653,Edi Stodd,Female,Senior Financial Analyst,Reston,United States,US,Virginia,2019-05-18,64942-1176,2019-03-02,Same Day,Air,22096,881198.22,2,0.44,diners-club-enroute,Okay,-77,2019-05,3,440599.11
682,Gevee,8735,Chrysler,Voyager,Goldenrod,2001,629728.76,0173-0756,Lane Lackner,Male,Budget/Accounting Analyst IV,Albany,United States,US,New York,2018-08-16,55154-2364,2019-03-04,First Class,Truck,12205,944911.41,2,0.57,jcb,Bad,200,2018-08,2,472455.705
683,Yotz,4574,Toyota,RAV4,Green,2001,583790.54,0268-6699,Fernandina Wadley,Female,Desktop Support Technician,Fort Myers,United States,US,Florida,2019-05-19,63736-918,2019-01-10,Standard Class,Truck,33913,967527.66,2,0.37,americanexpress,Very Bad,-129,2019-05,1,483763.83
684,Brightdog,8374,Volvo,S60,Purple,2005,533164.04,63629-5013,Rickie Laingmaid,Male,Community Outreach Specialist,Hartford,United States,US,Connecticut,2018-11-20,0173-0842,2019-01-28,First Class,Air,6105,857224.85,2,0.87,diners-club-carte-blanche,Good,69,2018-11,4,428612.425
685,Skyba,31,Lincoln,LS,Crimson,2002,664215.95,49348-788,Betteann Temperton,Female,Technical Writer,Washington,United States,US,District of Columbia,2019-02-27,52125-827,2019-01-04,First Class,Air,20226,847956.69,1,0.68,jcb,Very Bad,-54,2019-02,1,847956.69
686,Jaloo,336,Porsche,Boxster,Aquamarine,2000,605242.17,10819-5808,Clarisse Ben-Aharon,Female,Software Engineer III,Jacksonville,United States,US,Florida,2019-02-22,13537-148,2019-01-29,Second Class,Air,32259,993719.01,1,0.43,instapayment,Good,-24,2019-02,4,993719.01
687,Skinte,8693,GMC,Sierra 3500,Blue,2006,560424.0,0179-1804,Charmaine Agiolfinger,Female,Speech Pathologist,North Little Rock,United States,US,Arkansas,2018-12-04,30142-246,2019-04-11,First Class,Truck,72118,733485.8,1,0.86,visa-electron,Very Good,128,2018-12,5,733485.8
688,Edgepulse,8087,Lexus,GS,Fuscia,2007,634610.93,59088-864,Chevalier Domenico,Male,Civil Engineer,Chicago,United States,US,Illinois,2018-12-29,10578-004,2019-03-07,Standard Class,Air,60619,864404.36,2,0.42,jcb,Good,68,2018-12,4,432202.18
689,Twinte,9547,Toyota,Paseo,Aquamarine,1993,708992.48,58668-4281,Inga Emby,Female,Graphic Designer,Pueblo,United States,US,Colorado,2019-04-16,43063-354,2019-05-18,Same Day,Truck,81015,808171.21,2,0.32,jcb,Okay,32,2019-04,3,404085.605
690,Gabcube,544,BMW,M6,Yellow,2010,595539.97,0173-0772,Cheston Sweating,Male,GIS Technical Architect,Charleston,United States,US,South Carolina,2019-01-23,50988-177,2019-05-30,Standard Class,Truck,29424,936232.58,1,0.55,jcb,Bad,127,2019-01,2,936232.58
691,Yakitri,2105,Dodge,Ram Van 3500,Puce,1996,727328.97,10477-0809,Wernher Ovanesian,Male,Account Coordinator,Santa Monica,United States,US,California,2019-02-26,68428-035,2019-01-23,First Class,Truck,90410,973303.14,2,0.29,diners-club-us-ca,Okay,-34,2019-02,3,486651.57
692,Buzzshare,9917,Audi,S5,Red,2012,699195.57,10096-0280,Barr Savage,Male,Accountant II,Norwalk,United States,US,Connecticut,2018-07-25,65113-2428,2019-02-13,Second Class,Air,6854,863580.14,1,0.39,americanexpress,Okay,203,2018-07,3,863580.14
693,Gabvine,8094,Chevrolet,Equinox,Green,2009,730722.65,41595-7009,Chelsae Yanson,Female,Administrative Assistant IV,Littleton,United States,US,Colorado,2018-10-31,61314-237,2019-02-22,Second Class,Truck,80126,719643.13,1,0.67,jcb,Bad,114,2018-10,2,719643.13
694,Quamba,8157,Volkswagen,Golf,Mauv,1989,736857.2,52685-434,Rea Rains,Female,GIS Technical Architect,Warren,United States,US,Michigan,2018-10-18,21130-445,2019-02-28,Second Class,Truck,48092,732590.34,2,0.72,diners-club-us-ca,Okay,133,2018-10,3,366295.17
695,Jamia,7912,Volkswagen,GTI,Fuscia,2011,724018.89,54838-551,Kenton Secrett,Male,Food Chemist,New Orleans,United States,US,Louisiana,2018-12-28,33261-810,2019-05-09,First Class,Truck,70154,752689.24,1,0.32,jcb,Very Good,132,2018-12,5,752689.24
696,Yombu,8394,Suzuki,Esteem,Turquoise,1996,603662.84,68180-902,Pincas Abarough,Male,Statistician III,Brooklyn,United States,US,New York,2019-03-27,68745-1035,2019-05-04,Standard Class,Air,11205,998944.56,2,0.53,jcb,Very Bad,38,2019-03,1,499472.28
697,Lazzy,2263,Pontiac,1000,Violet,1984,615803.61,41520-092,Fedora Cardoo,Female,Sales Representative,Newark,United States,US,New Jersey,2018-11-08,57955-6044,2019-05-06,Second Class,Air,7188,723933.99,1,0.55,jcb,Bad,179,2018-11,2,723933.99
698,Twimbo,3886,Buick,Skylark,Puce,1997,584619.29,10157-1010,Avrit Broxup,Female,Account Coordinator,San Jose,United States,US,California,2018-10-13,0143-9681,2019-01-09,Standard Class,Air,95155,908697.34,1,0.81,jcb,Okay,88,2018-10,3,908697.34
699,Youopia,873,Ford,Festiva,Aquamarine,1990,515198.84,43419-028,Bernardina Simkin,Female,VP Accounting,Oklahoma City,United States,US,Oklahoma,2018-11-27,0113-0459,2019-02-22,First Class,Truck,73179,854665.45,1,0.75,bankcard,Very Good,87,2018-11,5,854665.45
700,Photolist,5103,Infiniti,G25,Indigo,2012,514859.66,68151-2347,Norina Zecchinii,Female,Budget/Accounting Analyst IV,Spokane,United States,US,Washington,2019-01-11,63323-285,2019-02-28,Same Day,Truck,99252,933882.85,1,0.56,jcb,Very Good,48,2019-01,5,933882.85
701,Bubblemix,5363,Chevrolet,Camaro,Maroon,1969,726527.0,52584-900,Erminie McCook,Female,Account Executive,Pittsburgh,United States,US,Pennsylvania,2018-11-21,43742-0195,2019-03-18,First Class,Truck,15279,781387.1,1,0.62,jcb,Very Good,117,2018-11,5,781387.1
702,Devpulse,9125,Chrysler,Imperial,Blue,1992,700741.85,33992-0100,Guillaume Warrington,Male,Editor,Spokane,United States,US,Washington,2018-08-16,67234-014,2019-01-08,Standard Class,Air,99252,819482.77,2,0.52,visa-electron,Good,145,2018-08,4,409741.385
703,Feedmix,5461,Ford,Galaxie,Red,1964,505333.49,52584-053,Anselm Dunstone,Male,Desktop Support Technician,Sacramento,United States,US,California,2018-07-23,64205-006,2019-01-02,First Class,Air,95838,974787.89,1,0.81,jcb,Okay,163,2018-07,3,974787.89
704,Skynoodle,1273,Chevrolet,Suburban,Blue,2008,513179.3,34645-4001,Gunar Gobeaux,Male,Statistician IV,Washington,United States,US,District of Columbia,2019-05-28,68788-9777,2019-01-11,First Class,Truck,20067,963512.41,2,0.69,americanexpress,Good,-137,2019-05,4,481756.205
705,Roombo,604,Lincoln,LS,Puce,2003,727445.38,60319-2001,Boone Rubie,Male,Legal Assistant,Houston,United States,US,Texas,2019-05-31,13537-171,2019-05-01,Second Class,Truck,77095,724227.01,2,0.29,china-unionpay,Okay,-30,2019-05,3,362113.505
706,Tagopia,248,GMC,Sierra 1500,Turquoise,2005,758216.55,52915-070,Christa Davidsson,Female,Technical Writer,Dallas,United States,US,Texas,2019-01-13,55312-994,2019-06-04,First Class,Truck,75251,824000.5,2,0.59,jcb,Bad,142,2019-01,2,412000.25
707,Kamba,8125,Audi,Q7,Violet,2012,586615.13,62756-093,Van Crathorne,Male,Systems Administrator IV,Inglewood,United States,US,California,2018-11-09,51367-016,2019-04-11,Second Class,Truck,90310,835501.86,2,0.35,jcb,Okay,153,2018-11,3,417750.93
708,Kazio,7877,Jeep,Commander,Yellow,2010,526361.54,55714-4520,Meggie Gethin,Female,Geologist II,Iowa City,United States,US,Iowa,2019-03-10,55154-4959,2019-01-23,Same Day,Air,52245,862416.27,1,0.59,jcb,Very Good,-46,2019-03,5,862416.27
709,Jamia,8422,Isuzu,Trooper,Maroon,1992,788339.39,61010-5400,Carlos Giovanni,Male,Senior Developer,Tucson,United States,US,Arizona,2019-04-11,0603-2109,2019-06-14,Second Class,Truck,85715,739527.87,2,0.69,diners-club-enroute,Good,64,2019-04,4,369763.935
710,Devpulse,9135,Mercury,Mountaineer,Blue,2006,563999.5,51769-980,Chane Firks,Male,Accounting Assistant IV,Stamford,United States,US,Connecticut,2018-07-30,51815-216,2019-04-24,Same Day,Truck,6905,935249.84,1,0.85,maestro,Bad,268,2018-07,2,935249.84
711,Plajo,5633,Chrysler,300,Indigo,2007,591457.66,52125-618,Alma Dowson,Female,Account Executive,Corpus Christi,United States,US,Texas,2018-07-11,30142-770,2019-06-07,Standard Class,Truck,78415,854774.96,2,0.29,visa,Bad,331,2018-07,2,427387.48
712,Linkbridge,9171,Mazda,B-Series Plus,Violet,2003,589557.69,63304-581,Jermaine Ramsdale,Male,Human Resources Manager,Terre Haute,United States,US,Indiana,2019-02-26,0268-1069,2019-05-20,First Class,Truck,47805,950197.37,1,0.45,laser,Good,83,2019-02,4,950197.37
713,Tagcat,9042,Volkswagen,GTI,Blue,2011,551766.57,64679-743,Ulrich Starkie,Male,Senior Sales Associate,Aurora,United States,US,Illinois,2019-02-20,49884-397,2019-01-06,Same Day,Air,60505,806904.64,1,0.53,mastercard,Good,-45,2019-02,4,806904.64
714,Katz,3988,Volkswagen,Passat,Fuscia,1997,606148.3,43063-087,Georas Britian,Male,Analog Circuit Design manager,Buffalo,United States,US,New York,2018-06-19,54868-0262,2019-05-08,First Class,Air,14269,875330.79,2,0.39,laser,Okay,323,2018-06,3,437665.395
715,Meeveo,7695,Buick,Park Avenue,Goldenrod,2004,611557.19,66288-1100,Reeta Khomin,Female,Senior Editor,Amarillo,United States,US,Texas,2019-03-22,35356-125,2019-03-16,Same Day,Truck,79105,882288.26,1,0.44,jcb,Very Good,-6,2019-03,5,882288.26
716,Innojam,4672,Chrysler,Sebring,Orange,1999,551976.98,37012-335,Nollie Gazey,Male,Software Engineer III,Washington,United States,US,District of Columbia,2018-07-17,16590-016,2019-02-04,Second Class,Air,20010,974216.17,1,0.61,jcb,Good,202,2018-07,4,974216.17
717,Browsecat,5375,Volvo,S60,Crimson,2003,790914.32,55312-571,Ivor Elphick,Male,Geologist I,Charlotte,United States,US,North Carolina,2018-07-25,68151-5113,2019-01-04,Same Day,Air,28242,878047.69,1,0.78,jcb,Okay,163,2018-07,3,878047.69
718,Shufflester,8874,Volkswagen,New Beetle,Teal,2010,585248.39,0187-2205,Gena Zimek,Female,Statistician II,Boulder,United States,US,Colorado,2018-07-16,55154-8273,2019-04-09,Same Day,Air,80328,703132.9,1,0.73,bankcard,Bad,267,2018-07,2,703132.9
719,Topdrive,8412,GMC,Sierra 1500,Violet,2008,675701.93,55154-5880,Helyn Hedden,Female,Staff Scientist,Murfreesboro,United States,US,Tennessee,2018-12-28,51079-375,2019-06-03,Second Class,Truck,37131,911165.84,2,0.58,mastercard,Very Good,157,2018-12,5,455582.92
720,Divavu,922,Chevrolet,1500,Orange,1997,606029.46,24909-606,Reinald Bruce,Male,Office Assistant III,Philadelphia,United States,US,Pennsylvania,2019-02-27,57520-0955,2019-05-11,Standard Class,Truck,19178,860147.02,1,0.86,jcb,Okay,73,2019-02,3,860147.02
721,Fivebridge,5821,Ford,Explorer,Aquamarine,2013,679528.18,0362-9011,Ara Dionisetti,Female,Programmer Analyst II,Los Angeles,United States,US,California,2018-09-29,52244-010,2019-04-20,First Class,Air,90101,911770.07,1,0.33,maestro,Okay,203,2018-09,3,911770.07
722,Ooba,6097,Isuzu,i-370,Fuscia,2008,686020.43,13913-011,Ada MacKenney,Female,Librarian,Littleton,United States,US,Colorado,2018-09-01,49781-100,2019-05-07,Second Class,Truck,80161,719077.52,2,0.36,americanexpress,Okay,248,2018-09,3,359538.76
723,Jetpulse,7811,Suzuki,Vitara,Indigo,2004,673188.69,64942-1174,Glenn Vasilyev,Male,Actuary,Washington,United States,US,District of Columbia,2018-12-01,53645-1020,2019-01-20,Standard Class,Air,20530,729961.22,2,0.4,mastercard,Very Good,50,2018-12,5,364980.61
724,Realmix,4526,Ford,Ranger,Red,1994,721704.44,0008-1123,Timi Limpricht,Female,Senior Developer,Beaumont,United States,US,Texas,2019-02-15,0615-0828,2019-01-16,First Class,Air,77705,825394.46,2,0.7,jcb,Okay,-30,2019-02,3,412697.23
725,Flipopia,3794,Jeep,Wrangler,Maroon,1993,779153.66,52125-794,Max Baxstare,Female,Nurse,Washington,United States,US,District of Columbia,2019-03-08,0187-2617,2019-03-21,Same Day,Air,20557,945054.68,2,0.5,americanexpress,Very Good,13,2019-03,5,472527.34
726,Avamm,476,Ford,F-Series,Green,1993,715028.19,43063-024,Marshal Dulanty,Male,Clinical Specialist,Bakersfield,United States,US,California,2019-05-01,52164-1105,2019-05-29,Same Day,Truck,93381,727874.43,2,0.53,jcb,Very Bad,28,2019-05,1,363937.215
727,Skiba,4696,Mercedes-Benz,CL-Class,Crimson,2008,587713.58,52533-080,Peta Maddicks,Female,Web Designer IV,West Hartford,United States,US,Connecticut,2018-08-20,49999-192,2019-03-30,Second Class,Truck,6127,986117.87,2,0.8,jcb,Okay,222,2018-08,3,493058.935
728,Wordtune,2309,Land Rover,Discovery,Pink,1999,611884.1,59779-389,Marcela Stroton,Female,Budget/Accounting Analyst I,Jersey City,United States,US,New Jersey,2018-10-07,12488-0200,2019-01-16,Same Day,Truck,7310,996850.66,1,0.68,jcb,Good,101,2018-10,4,996850.66
729,Pixoboo,1712,Toyota,Venza,Green,2013,790715.0,47682-101,Keane Clapp,Male,Software Consultant,Jackson,United States,US,Mississippi,2019-03-15,50988-179,2019-05-11,Standard Class,Truck,39216,839657.87,2,0.7,bankcard,Very Bad,57,2019-03,1,419828.935
730,Gevee,8724,Mitsubishi,Pajero,Purple,1998,707461.29,55154-2431,Chloe Munnion,Female,Business Systems Development Analyst,Terre Haute,United States,US,Indiana,2019-05-04,54973-0617,2019-05-16,First Class,Truck,47805,715510.23,2,0.44,jcb,Very Good,12,2019-05,5,357755.115
731,Demivee,1255,Pontiac,Vibe,Khaki,2006,678297.81,61722-060,Chaddy Till,Male,Teacher,Lincoln,United States,US,Nebraska,2018-09-25,55154-5128,2019-03-11,Same Day,Air,68505,789191.4,1,0.85,jcb,Bad,167,2018-09,2,789191.4
732,Feedfire,4132,BMW,M5,Pink,2000,669111.47,61139-513,Thorpe Gerry,Male,Human Resources Manager,Flushing,United States,US,New York,2018-11-19,65862-148,2019-06-08,Standard Class,Truck,11388,848429.11,2,0.34,bankcard,Very Bad,201,2018-11,1,424214.555
733,Oyoba,3479,Chevrolet,Avalanche,Puce,2007,696999.61,55316-998,Curtis Aylmer,Male,Geological Engineer,Garden Grove,United States,US,California,2018-11-14,37000-410,2019-03-27,Second Class,Truck,92645,961124.72,1,0.47,switch,Good,133,2018-11,4,961124.72
734,Ntags,1279,Pontiac,Bonneville,Turquoise,1986,608936.64,65862-406,Adorne Ackroyd,Female,Administrative Assistant III,Washington,United States,US,District of Columbia,2018-07-27,63868-093,2019-01-06,First Class,Air,20088,853905.78,2,0.81,visa,Bad,163,2018-07,2,426952.89
735,Mycat,2311,Mazda,MX-5,Purple,2001,771085.49,54868-5545,Erny Lapwood,Male,Senior Editor,Birmingham,United States,US,Alabama,2019-02-18,0113-0166,2019-01-07,Second Class,Air,35205,775625.37,2,0.69,jcb,Very Good,-42,2019-02,5,387812.685
736,Mita,4573,Ford,F250,Orange,1999,575374.57,65044-2320,Rebbecca Sibbson,Female,Software Consultant,Des Moines,United States,US,Iowa,2019-01-10,13537-254,2019-04-30,Same Day,Air,50369,896197.02,2,0.45,jcb,Good,110,2019-01,4,448098.51
737,Divanoodle,9915,Ford,Mustang,Puce,1970,674685.37,42924-001,Chere Rawles,Female,Payment Adjustment Coordinator,Anaheim,United States,US,California,2018-12-07,42023-167,2019-01-06,Second Class,Truck,92805,800465.3,2,0.77,bankcard,Very Bad,30,2018-12,1,400232.65
738,Voomm,4341,Chevrolet,Tahoe,Goldenrod,2007,506708.4,68016-081,Gaston Leeman,Male,Database Administrator IV,Des Moines,United States,US,Iowa,2019-02-03,59779-324,2019-02-04,Second Class,Truck,50305,861365.74,1,0.53,mastercard,Very Bad,1,2019-02,1,861365.74
739,Meevee,9969,Chevrolet,Tahoe,Turquoise,2008,584628.7,37808-416,Darbie Harroll,Female,Media Manager II,Seattle,United States,US,Washington,2019-03-18,67345-0782,2019-05-09,Standard Class,Truck,98115,755927.31,1,0.58,maestro,Very Good,52,2019-03,5,755927.31
740,Buzzster,532,Suzuki,Samurai,Aquamarine,1993,673920.37,0168-0151,Beckie Kellick,Female,Financial Advisor,Battle Creek,United States,US,Michigan,2019-06-16,0597-0001,2019-01-17,Second Class,Air,49018,731935.83,2,0.29,jcb,Bad,-150,2019-06,2,365967.915
741,Riffpath,295,Jaguar,X-Type,Khaki,2005,652936.01,53247-330,Maggi Bibby,Female,Web Designer I,Panama City,United States,US,Florida,2018-12-24,0078-0592,2019-01-23,First Class,Air,32405,723862.98,2,0.62,jcb,Bad,30,2018-12,2,361931.49
742,Vipe,9658,Mitsubishi,Mighty Max,Khaki,1992,540981.11,42957-001,Barny Ferentz,Male,VP Accounting,Spokane,United States,US,Washington,2018-12-23,49967-715,2019-04-24,First Class,Truck,99220,792567.58,2,0.39,laser,Okay,122,2018-12,3,396283.79
743,Skivee,9522,Nissan,Sentra,Pink,2007,636030.59,48951-3145,Merv Sherewood,Male,Teacher,San Francisco,United States,US,California,2019-04-30,57955-0815,2019-03-25,Second Class,Air,94177,793743.25,1,0.53,maestro,Very Good,-36,2019-04,5,793743.25
744,Teklist,9909,GMC,Sierra 3500,Yellow,2008,704337.81,37808-386,Evangelina Blenkin,Female,Paralegal,Los Angeles,United States,US,California,2018-10-28,53808-0712,2019-04-08,Second Class,Air,90030,918102.88,1,0.47,jcb,Good,162,2018-10,4,918102.88
745,Linkbuzz,1631,Jaguar,XJ Series,Teal,2002,701640.08,20276-433,Shermy Littlechild,Male,Structural Engineer,Watertown,United States,US,Massachusetts,2018-09-13,51621-038,2019-02-12,Same Day,Air,2472,991121.37,1,0.9,maestro,Bad,152,2018-09,2,991121.37
746,Livefish,8966,Mercedes-Benz,SLK-Class,Aquamarine,2007,555992.61,41268-441,Korella Blastock,Female,Executive Secretary,Portland,United States,US,Maine,2019-02-08,66336-135,2019-04-04,First Class,Truck,4109,807953.8,1,0.72,jcb,Bad,55,2019-02,2,807953.8
747,Yamia,8948,Subaru,Alcyone SVX,Red,1994,658137.7,55154-7453,Ofelia Bevans,Female,Geologist I,Des Moines,United States,US,Iowa,2019-02-21,43269-835,2019-01-07,First Class,Truck,50369,810300.48,2,0.59,switch,Okay,-45,2019-02,3,405150.24
748,Oyoyo,4421,Mercury,Mariner,Fuscia,2009,617304.48,54118-7188,Cornell Duddle,Male,Project Manager,El Paso,United States,US,Texas,2018-08-29,56062-288,2019-02-17,Second Class,Truck,88558,896202.42,2,0.58,maestro,Bad,172,2018-08,2,448101.21
749,Janyx,6191,Ford,Explorer Sport Trac,Teal,2007,587498.89,46122-245,Dwight Dome,Male,Computer Systems Analyst III,Washington,United States,US,District of Columbia,2018-07-11,52642-006,2019-02-22,Second Class,Air,20520,708585.42,1,0.5,jcb,Very Good,226,2018-07,5,708585.42
750,Jamia,9341,Pontiac,Parisienne,Red,1986,797632.01,61314-294,Alf Alsina,Male,Engineer IV,Lubbock,United States,US,Texas,2019-01-03,0498-0015,2019-03-17,Second Class,Air,79452,879851.55,2,0.58,jcb,Good,73,2019-01,4,439925.775
751,Eayo,3860,Volvo,S40,Purple,2000,512972.42,64117-228,Cindelyn Pittson,Female,Sales Associate,Tempe,United States,US,Arizona,2019-02-04,59547-310,2019-05-27,First Class,Truck,85284,758801.6,1,0.89,mastercard,Okay,112,2019-02,3,758801.6
752,Skyvu,346,BMW,M3,Aquamarine,1999,568442.22,42546-175,Neils Mandrey,Male,Financial Advisor,Colorado Springs,United States,US,Colorado,2018-12-11,0179-0013,2019-01-27,Second Class,Truck,80951,743731.19,2,0.38,visa,Bad,47,2018-12,2,371865.595
753,Zoonoodle,7913,Toyota,Land Cruiser,Turquoise,1992,591927.57,75857-1123,Ronni Jeffress,Female,Budget/Accounting Analyst I,New Hyde Park,United States,US,New York,2019-03-22,57237-095,2019-02-18,First Class,Truck,11044,872304.78,2,0.85,bankcard,Very Good,-32,2019-03,5,436152.39
754,Eadel,5464,Chevrolet,Avalanche 2500,Fuscia,2004,670113.56,55648-172,Brandtr Ianizzi,Male,Environmental Specialist,Clearwater,United States,US,Florida,2019-05-08,0069-2980,2019-03-19,Second Class,Air,34620,825038.13,2,0.69,americanexpress,Good,-50,2019-05,4,412519.065
755,Vitz,1359,Chevrolet,Impala,Pink,2003,554905.32,76461-910,Loree Payne,Female,Structural Engineer,Ogden,United States,US,Utah,2018-08-12,37808-604,2019-04-05,Standard Class,Truck,84409,942568.23,2,0.57,switch,Very Bad,236,2018-08,1,471284.115
756,Feedfish,9311,Chevrolet,Cruze,Violet,2012,521331.19,54973-3112,Mallissa O'Connel,Female,Geologist I,Tucson,United States,US,Arizona,2018-12-04,0185-0055,2019-06-17,First Class,Air,85715,737000.96,2,0.77,china-unionpay,Bad,195,2018-12,2,368500.48
757,Photobean,2932,Chevrolet,Avalanche,Violet,2012,736871.5,64117-293,Lucinda Mackro,Female,Systems Administrator I,Boise,United States,US,Idaho,2018-09-19,67457-198,2019-06-07,Standard Class,Air,83727,906450.0,1,0.71,jcb,Okay,261,2018-09,3,906450.0
758,Skaboo,9749,Pontiac,G8,Goldenrod,2008,625853.14,60505-2664,Vinson Derges,Male,Account Coordinator,El Paso,United States,US,Texas,2018-12-07,13537-138,2019-02-20,Same Day,Air,79940,712344.87,2,0.33,china-unionpay,Very Bad,75,2018-12,1,356172.435
759,Voonix,1287,Porsche,Boxster,Puce,2003,752105.28,55312-160,Daphna Winckworth,Female,Web Developer IV,Norcross,United States,US,Georgia,2018-09-07,53808-0748,2019-05-18,Standard Class,Air,30092,946883.85,1,0.27,jcb,Bad,253,2018-09,2,946883.85
760,Kwimbee,1453,Buick,Park Avenue,Goldenrod,2004,723963.65,0024-2792,Hobie McRoberts,Male,Civil Engineer,Denver,United States,US,Colorado,2018-12-10,63629-3868,2019-05-27,First Class,Air,80209,909290.18,2,0.82,jcb,Very Bad,168,2018-12,1,454645.09
761,Latz,1732,Lexus,RX,Indigo,2000,540060.54,52125-338,Creight Munnery,Male,Food Chemist,Albuquerque,United States,US,New Mexico,2018-10-10,58790-301,2019-01-23,Second Class,Truck,87201,886736.71,2,0.45,mastercard,Very Bad,105,2018-10,1,443368.355
762,Mydeo,1699,Subaru,Baja,Indigo,2004,674903.69,36987-2585,Yvon Hodgin,Male,Staff Accountant I,Columbia,United States,US,Missouri,2019-05-22,55758-005,2019-05-26,First Class,Truck,65211,707931.34,1,0.25,instapayment,Bad,4,2019-05,2,707931.34
763,Wikivu,881,MINI,Countryman,Aquamarine,2012,532835.06,42291-886,Alexine Wadforth,Female,Recruiter,Riverside,United States,US,California,2019-01-21,36987-3172,2019-04-08,Second Class,Truck,92505,958102.91,1,0.82,jcb,Good,77,2019-01,4,958102.91
764,Livepath,8372,Hyundai,Tiburon,Maroon,2001,506158.64,59746-383,Sarita Harrhy,Female,Human Resources Assistant I,Pittsburgh,United States,US,Pennsylvania,2018-08-16,47335-924,2019-04-05,Standard Class,Air,15235,893722.79,2,0.71,diners-club-us-ca,Okay,232,2018-08,3,446861.395
765,Yotz,721,Chevrolet,Tahoe,Violet,2005,548028.15,50484-303,Fredek Curwen,Male,Software Engineer I,Toledo,United States,US,Ohio,2019-02-07,0591-3221,2019-02-08,Standard Class,Air,43699,846156.49,1,0.66,maestro,Very Good,1,2019-02,5,846156.49
766,Devbug,1254,Isuzu,Rodeo,Orange,2004,782289.27,61715-028,Rodolph Domke,Male,Actuary,Hayward,United States,US,California,2019-01-28,21695-133,2019-03-26,Second Class,Truck,94544,893327.67,2,0.4,jcb,Very Bad,57,2019-01,1,446663.835
767,Yodo,6639,Mercedes-Benz,CL-Class,Khaki,1999,671257.73,50438-102,Ninon Vinsen,Female,Physical Therapy Assistant,Reading,United States,US,Pennsylvania,2018-10-19,49349-796,2019-05-07,Same Day,Truck,19605,738293.36,2,0.5,china-unionpay,Good,200,2018-10,4,369146.68
768,Yadel,8544,Chevrolet,Malibu,Goldenrod,1997,560465.15,0113-0425,Paloma Keatch,Female,Environmental Specialist,Akron,United States,US,Ohio,2019-02-06,41250-299,2019-02-02,First Class,Truck,44393,947205.47,1,0.48,jcb,Okay,-4,2019-02,3,947205.47
769,Aivee,4491,Ford,F450,Pink,2009,655279.64,15127-900,Alexandre Shercliff,Male,Geological Engineer,Scottsdale,United States,US,Arizona,2019-03-16,21695-065,2019-03-30,Same Day,Air,85271,869230.15,2,0.55,maestro,Very Good,14,2019-03,5,434615.075
770,Blogtags,254,Ford,Flex,Indigo,2010,587554.81,0641-6068,Maritsa Kilner,Female,Accounting Assistant II,Tuscaloosa,United States,US,Alabama,2019-01-05,42411-041,2019-05-25,Second Class,Truck,35487,843974.59,1,0.39,americanexpress,Bad,140,2019-01,2,843974.59
771,Edgetag,3966,Mitsubishi,Galant,Maroon,2002,685615.59,11673-536,Wilona Punch,Female,Analyst Programmer,Columbia,United States,US,South Carolina,2019-03-27,0173-0699,2019-05-08,Standard Class,Truck,29240,865143.18,1,0.32,jcb,Okay,42,2019-03,3,865143.18
772,Feedmix,442,Jaguar,XJ Series,Indigo,2003,622723.51,55154-1385,Reece Pummell,Male,Design Engineer,Greenville,United States,US,South Carolina,2019-01-01,10237-833,2019-04-10,First Class,Air,29615,921861.76,1,0.31,jcb,Bad,99,2019-01,2,921861.76
773,Zoozzy,8692,Chevrolet,Malibu,Violet,2006,630537.16,0023-4385,Ileana Meran,Female,Research Associate,Naperville,United States,US,Illinois,2019-05-12,0074-4341,2019-01-21,Same Day,Truck,60567,978429.15,1,0.78,laser,Good,-111,2019-05,4,978429.15
774,Mydeo,9423,Buick,Electra,Indigo,1984,660346.54,47593-458,Gayle Shillabeer,Female,Editor,Chicago,United States,US,Illinois,2019-04-07,43419-024,2019-01-23,Second Class,Air,60674,721969.72,1,0.67,diners-club-enroute,Good,-74,2019-04,4,721969.72
775,Podcat,9534,Volkswagen,Corrado,Aquamarine,1993,666658.35,36987-2515,Jon Alvar,Male,Registered Nurse,Cincinnati,United States,US,Ohio,2018-12-18,42808-300,2019-02-22,First Class,Truck,45213,962546.17,2,0.31,americanexpress,Okay,66,2018-12,3,481273.085
776,Jaxworks,4529,Oldsmobile,Intrigue,Purple,2000,664182.08,63187-009,Jefferey Tourle,Male,Chief Design Engineer,South Bend,United States,US,Indiana,2018-12-23,50845-0046,2019-02-06,Same Day,Air,46620,979670.86,1,0.6,jcb,Very Good,45,2018-12,5,979670.86
777,Skajo,7094,Chevrolet,2500,Turquoise,1994,598993.98,55319-619,Olive Rodolf,Female,Analyst Programmer,New York City,United States,US,New York,2019-05-07,0168-0309,2019-01-04,Second Class,Truck,10014,712411.61,2,0.64,jcb,Okay,-123,2019-05,3,356205.805
778,Leexo,3761,Plymouth,Neon,Purple,1996,610626.3,65044-9961,Isidora Brugger,Female,Research Assistant IV,New York City,United States,US,New York,2019-05-30,0006-0078,2019-03-26,First Class,Air,10060,943388.33,2,0.39,switch,Very Bad,-65,2019-05,1,471694.165
779,Linklinks,7923,Toyota,Camry,Turquoise,2006,524379.6,0781-5348,Dario Woodnutt,Male,Account Coordinator,Jamaica,United States,US,New York,2018-07-18,55154-2860,2019-02-28,First Class,Air,11436,798116.34,1,0.43,jcb,Good,225,2018-07,4,798116.34
780,Skalith,5532,Audi,A6,Yellow,2005,608858.62,10702-018,Melodee Lindholm,Female,VP Sales,San Francisco,United States,US,California,2019-05-08,10056-060,2019-01-16,Standard Class,Truck,94121,758026.52,1,0.46,jcb,Very Bad,-112,2019-05,1,758026.52
781,Feedfire,9436,Ford,LTD Crown Victoria,Mauv,1985,690369.07,54868-3533,Cacilia Vina,Female,Paralegal,Austin,United States,US,Texas,2018-12-17,60429-145,2019-02-28,Second Class,Air,78715,965516.53,1,0.38,switch,Very Bad,73,2018-12,1,965516.53
782,Twiyo,9381,Volkswagen,Type 2,Red,1988,571972.07,54868-6387,Stephannie Senett,Female,Marketing Assistant,San Antonio,United States,US,Texas,2019-03-02,52125-862,2019-02-14,Standard Class,Truck,78230,777987.42,1,0.33,jcb,Good,-16,2019-03,4,777987.42
783,Meemm,90,Dodge,Neon,Aquamarine,1996,502707.19,51346-144,Lester Harpham,Male,Associate Professor,Boston,United States,US,Massachusetts,2019-06-07,41190-656,2019-03-21,Standard Class,Air,2124,724816.67,1,0.26,solo,Bad,-78,2019-06,2,724816.67
784,Skyvu,8454,Buick,Riviera,Indigo,1987,554071.85,61919-178,Ker Borsi,Male,Clinical Specialist,Texarkana,United States,US,Texas,2019-01-27,43063-025,2019-04-14,Standard Class,Truck,75507,858393.4,2,0.7,jcb,Bad,77,2019-01,2,429196.7
785,Agivu,6941,Buick,Somerset,Puce,1986,710069.75,0172-3762,Kary Bellord,Female,VP Sales,Wilmington,United States,US,North Carolina,2018-09-08,0363-0563,2019-04-17,Same Day,Truck,28410,951537.81,2,0.77,instapayment,Good,221,2018-09,4,475768.905
786,Geba,7931,Honda,Accord,Fuscia,1992,643646.96,57664-056,Kincaid Wavish,Male,Clinical Specialist,Port Saint Lucie,United States,US,Florida,2018-12-10,52164-1120,2019-01-13,Same Day,Truck,34985,744448.14,1,0.25,jcb,Bad,34,2018-12,2,744448.14
787,Mynte,4131,Mercury,Cougar,Turquoise,1992,614712.24,48951-7116,Kelby Ingleton,Male,Chemical Engineer,Salem,United States,US,Oregon,2018-06-19,36800-539,2019-02-01,Same Day,Truck,97306,818639.1,1,0.68,mastercard,Bad,227,2018-06,2,818639.1
788,Brainsphere,9912,Isuzu,i-370,Khaki,2007,666631.31,52584-482,Cy Trenoweth,Male,Developer IV,Dallas,United States,US,Texas,2018-11-30,36987-3033,2019-02-01,Same Day,Truck,75260,771306.73,2,0.87,jcb,Very Good,63,2018-11,5,385653.365
789,Aimbu,9622,Toyota,Highlander,Crimson,2005,769788.04,69161-002,Dimitry Quillinane,Male,Database Administrator III,Miami,United States,US,Florida,2018-07-01,48102-012,2019-04-10,Same Day,Truck,33196,838665.48,2,0.28,jcb,Okay,283,2018-07,3,419332.74
790,Minyx,9324,Dodge,Intrepid,Violet,1993,668395.35,50458-194,Lee Twohig,Male,Staff Scientist,Pasadena,United States,US,California,2019-04-27,36987-1677,2019-01-03,Same Day,Air,91131,754455.42,1,0.51,visa-electron,Good,-114,2019-04,4,754455.42
791,Jayo,4994,Mitsubishi,Galant,Indigo,1988,702080.03,57955-1531,Patton Ritmeyer,Male,Financial Advisor,Van Nuys,United States,US,California,2019-02-25,44924-116,2019-04-10,Standard Class,Truck,91499,985957.59,1,0.85,solo,Very Good,44,2019-02,5,985957.59
792,Twitternation,604,Mazda,B2500,Mauv,2001,605937.43,0093-7304,Coleman Tallach,Male,Biostatistician II,Springfield,United States,US,Illinois,2019-04-02,55154-6637,2019-01-27,First Class,Truck,62723,877869.33,1,0.49,jcb,Okay,-65,2019-04,3,877869.33
793,Linkbridge,821,Mazda,MX-3,Pink,1994,727119.19,65841-695,Christie Cerie,Female,Electrical Engineer,Corpus Christi,United States,US,Texas,2019-04-19,36987-2236,2019-02-24,First Class,Air,78465,833020.08,1,0.63,americanexpress,Bad,-54,2019-04,2,833020.08
794,Dabfeed,7974,Toyota,Highlander Hybrid,Purple,2007,795092.9,10893-520,Tiebout Usherwood,Male,Physical Therapy Assistant,El Paso,United States,US,Texas,2018-10-01,0363-0637,2019-04-02,Same Day,Air,88574,818760.3,1,0.48,jcb,Good,183,2018-10,4,818760.3
795,Brainsphere,3798,Chevrolet,Silverado 1500,Orange,2010,561500.73,67510-0026,Frederic Oulett,Male,Information Systems Manager,San Antonio,United States,US,Texas,2018-09-16,0245-0036,2019-04-24,First Class,Air,78245,962693.7,1,0.59,maestro,Okay,220,2018-09,3,962693.7
796,Eadel,5672,Toyota,Sequoia,Indigo,2009,655405.7,21695-575,Karlen Cocozza,Female,Associate Professor,Lakewood,United States,US,Washington,2018-11-26,51439-006,2019-01-31,Same Day,Truck,98498,937411.83,1,0.75,diners-club-us-ca,Very Bad,66,2018-11,1,937411.83
797,Teklist,149,Lexus,ES,Mauv,2012,751092.56,16590-301,Sibley Benez,Female,Office Assistant I,Jamaica,United States,US,New York,2019-02-22,21749-527,2019-05-11,First Class,Air,11436,973918.97,2,0.85,visa,Okay,78,2019-02,3,486959.485
798,Omba,6292,Mazda,MX-3,Pink,1992,728047.96,37205-715,Hubie Leal,Male,VP Product Management,Tampa,United States,US,Florida,2019-05-12,49281-650,2019-01-14,Same Day,Truck,33610,994596.86,1,0.34,jcb,Bad,-118,2019-05,2,994596.86
799,Trupe,3829,Chevrolet,Express 2500,Maroon,2011,675338.91,52019-001,Lanita Kelson,Female,Structural Analysis Engineer,Colorado Springs,United States,US,Colorado,2018-10-10,60760-687,2019-01-23,Same Day,Air,80940,847257.76,1,0.35,diners-club-enroute,Very Bad,105,2018-10,1,847257.76
800,Jaxbean,8552,GMC,Canyon,Puce,2010,664490.55,49349-991,Jaquelyn Pietersma,Female,Web Developer III,Shawnee Mission,United States,US,Kansas,2019-04-28,36987-1044,2019-04-02,Standard Class,Air,66220,700793.26,2,0.89,jcb,Very Bad,-26,2019-04,1,350396.63
801,Leenti,1529,Saab,900,Green,1993,603350.95,36987-1806,Avrit Pinnock,Female,Geologist IV,Denver,United States,US,Colorado,2018-09-18,10738-303,2019-05-09,Second Class,Truck,80204,875413.97,2,0.55,laser,Bad,233,2018-09,2,437706.985
802,Demizz,392,Eagle,Summit,Teal,1995,555102.39,60681-3003,Tedd Standbrook,Male,Legal Assistant,Lafayette,United States,US,Louisiana,2018-10-30,49349-548,2019-06-13,Same Day,Air,70593,819766.0,1,0.5,mastercard,Very Good,226,2018-10,5,819766.0
803,Voonte,85,Jeep,Wrangler,Red,1997,725723.46,42281-003,Adore Juschka,Female,Financial Analyst,Las Vegas,United States,US,Nevada,2019-04-23,63255-011,2019-01-19,Same Day,Truck,89105,971462.87,1,0.44,jcb,Bad,-94,2019-04,2,971462.87
804,Innotype,5553,Dodge,Nitro,Teal,2007,605198.31,0093-5517,Brantley Elflain,Male,Computer Systems Analyst III,Staten Island,United States,US,New York,2018-08-27,53489-176,2019-03-01,First Class,Truck,10310,900182.01,1,0.79,laser,Very Bad,186,2018-08,1,900182.01
805,Babbleopia,294,Chevrolet,Impala,Violet,1996,644489.28,16714-613,Way Feild,Male,Senior Editor,Houston,United States,US,Texas,2018-07-31,66336-393,2019-03-01,First Class,Air,77293,799501.28,1,0.36,jcb,Very Bad,213,2018-07,1,799501.28
806,Podcat,7254,Suzuki,XL-7,Teal,2006,642628.37,75940-122,Arnie Fiddiman,Male,Geologist IV,Gadsden,United States,US,Alabama,2019-04-03,55154-9420,2019-01-31,Standard Class,Air,35905,952251.48,1,0.28,switch,Very Bad,-62,2019-04,1,952251.48
807,Browsetype,3350,Mazda,CX-7,Teal,2012,594192.3,54868-6253,Casey Seale,Male,Senior Sales Associate,Houston,United States,US,Texas,2018-08-15,36987-2115,2019-02-12,Standard Class,Truck,77223,702288.18,2,0.58,jcb,Very Good,181,2018-08,5,351144.09
808,Midel,7771,Ford,Tempo,Mauv,1985,524291.69,63629-4458,Godfree Trase,Male,Assistant Media Planner,Seattle,United States,US,Washington,2018-06-23,68308-020,2019-01-02,Standard Class,Truck,98185,906147.82,1,0.88,diners-club-enroute,Very Good,193,2018-06,5,906147.82
809,Realfire,3888,Dodge,Ram 3500,Violet,2007,692027.6,0074-3799,Templeton Cleyne,Male,Graphic Designer,Pasadena,United States,US,Texas,2018-10-19,37205-725,2019-02-16,First Class,Air,77505,870236.27,1,0.45,bankcard,Good,120,2018-10,4,870236.27
810,Devcast,5283,Chrysler,Grand Voyager,Indigo,2000,554014.56,0268-6686,Mitzi Mussettini,Female,Environmental Specialist,Winter Haven,United States,US,Florida,2018-08-10,68001-252,2019-02-03,First Class,Air,33884,722715.49,2,0.62,jcb,Very Good,177,2018-08,5,361357.745
811,Oloo,6444,Chevrolet,Camaro,Turquoise,1970,574287.61,32909-723,De witt Abramovitz,Male,Web Designer IV,Anchorage,United States,US,Alaska,2019-04-26,50322-005,2019-02-20,Standard Class,Air,99599,808876.7,1,0.46,maestro,Bad,-65,2019-04,2,808876.7
812,Tekfly,7022,Buick,LeSabre,Violet,1998,660890.66,31190-500,Elyssa O'Rudden,Female,Help Desk Technician,Las Vegas,United States,US,Nevada,2019-04-27,49884-463,2019-04-06,Standard Class,Air,89145,881818.02,1,0.6,china-unionpay,Bad,-21,2019-04,2,881818.02
813,Skiptube,973,Ford,Aerostar,Goldenrod,1996,646786.9,76126-007,Egbert Cassely,Male,Nurse,Hicksville,United States,US,New York,2018-12-03,14783-472,2019-06-14,First Class,Air,11854,987134.53,2,0.3,jcb,Very Bad,193,2018-12,1,493567.265
814,Zoombeat,3143,Dodge,Avenger,Yellow,1996,543943.57,42291-897,Lurlene Naldrett,Female,Physical Therapy Assistant,Boise,United States,US,Idaho,2019-02-17,55154-6270,2019-01-13,Standard Class,Truck,83722,726796.18,1,0.25,diners-club-carte-blanche,Good,-35,2019-02,4,726796.18
815,Brainbox,9772,Saab,9000,Puce,1987,592913.25,60432-455,Angelica Bohman,Female,Software Engineer IV,Irvine,United States,US,California,2018-08-01,0093-1026,2019-01-09,First Class,Air,92619,891565.81,2,0.77,jcb,Bad,161,2018-08,2,445782.905
816,Realblab,9382,Dodge,Ram 3500 Club,Khaki,1995,533036.86,49349-531,June Tattam,Female,Software Consultant,Las Vegas,United States,US,Nevada,2018-10-31,54868-4198,2019-01-10,First Class,Truck,89120,855322.41,2,0.46,maestro,Very Bad,71,2018-10,1,427661.205
817,Avavee,779,Ford,Ranger,Aquamarine,1985,755070.16,11673-977,Dari Boston,Female,Business Systems Development Analyst,Warren,United States,US,Michigan,2019-04-19,62011-0225,2019-01-14,First Class,Truck,48092,825703.77,2,0.75,jcb,Okay,-95,2019-04,3,412851.885
818,Plajo,5661,Volvo,XC70,Mauv,2011,763623.22,49349-774,Kaylyn Boutellier,Female,Administrative Assistant III,Minneapolis,United States,US,Minnesota,2018-08-05,49035-439,2019-04-27,First Class,Truck,55448,803609.74,2,0.42,jcb,Good,265,2018-08,4,401804.87
819,Twinder,9711,Saab,9-5,Indigo,2006,751045.64,51346-083,Teressa Pittle,Female,Actuary,Topeka,United States,US,Kansas,2019-02-09,10424-152,2019-06-08,First Class,Truck,66617,987295.49,1,0.84,jcb,Very Good,119,2019-02,5,987295.49
820,Skidoo,672,Mazda,Familia,Khaki,1990,513142.93,0378-0345,Hermine Woolham,Female,Geologist III,Terre Haute,United States,US,Indiana,2018-09-10,52125-576,2019-06-06,First Class,Air,47805,795924.05,1,0.67,maestro,Okay,269,2018-09,3,795924.05
821,Jabbertype,9821,Dodge,Stratus,Indigo,1998,605731.65,64117-150,Arel Cass,Male,Systems Administrator III,Chicago,United States,US,Illinois,2019-06-07,43742-0344,2019-04-24,Second Class,Truck,60691,938855.45,2,0.86,visa-electron,Bad,-44,2019-06,2,469427.725
822,Skimia,8373,Pontiac,G6,Orange,2005,673145.55,63739-284,Reube Phettis,Male,Programmer Analyst IV,Santa Clara,United States,US,California,2019-04-23,63941-078,2019-03-27,First Class,Truck,95054,994510.29,1,0.56,diners-club-carte-blanche,Okay,-27,2019-04,3,994510.29
823,Wikivu,3983,Isuzu,Rodeo,Blue,1994,588224.02,36800-523,Ali Topper,Male,Compensation Analyst,Vancouver,United States,US,Washington,2019-04-17,36987-1599,2019-02-06,Second Class,Truck,98687,914946.94,1,0.76,jcb,Very Bad,-70,2019-04,1,914946.94
824,Ainyx,8799,Maserati,430,Blue,1990,775616.92,62932-142,Melantha Fullstone,Female,Product Engineer,Seattle,United States,US,Washington,2018-06-26,13533-692,2019-02-19,Second Class,Air,98109,815562.29,2,0.82,mastercard,Okay,238,2018-06,3,407781.145
825,Innotype,7071,Dodge,Charger,Violet,1969,674759.43,60505-2640,Yasmeen Antognazzi,Female,Project Manager,Seattle,United States,US,Washington,2019-03-09,54575-415,2019-04-04,Standard Class,Air,98127,956921.94,1,0.84,jcb,Okay,26,2019-03,3,956921.94
826,Livetube,3227,Toyota,Previa,Purple,1995,603356.29,51079-086,Aluino Jodkowski,Male,Graphic Designer,Indianapolis,United States,US,Indiana,2019-02-06,64942-1160,2019-05-01,Second Class,Air,46278,915587.23,2,0.85,jcb,Okay,84,2019-02,3,457793.615
827,Quaxo,8687,Jeep,Grand Cherokee,Orange,2009,748241.18,53603-4002,Audrie Teese,Female,Quality Engineer,Spring,United States,US,Texas,2018-11-08,50268-698,2019-02-04,First Class,Air,77386,770036.28,1,0.89,visa-electron,Okay,88,2018-11,3,770036.28
828,Voomm,61,Honda,Accord,Teal,1985,521198.62,62296-0036,Bert Giacomoni,Female,Nurse Practicioner,Denver,United States,US,Colorado,2018-12-02,0781-2693,2019-02-13,Second Class,Truck,80270,716417.91,1,0.39,americanexpress,Very Bad,73,2018-12,1,716417.91
829,Skinte,331,Volkswagen,Cabriolet,Turquoise,2000,700445.83,0404-6620,Nickey Truelock,Male,Engineer IV,Washington,United States,US,District of Columbia,2018-12-07,55154-6260,2019-02-25,Standard Class,Air,20260,958821.13,2,0.44,mastercard,Very Bad,80,2018-12,1,479410.565
830,Mynte,7642,Buick,Roadmaster,Crimson,1994,700547.61,51143-066,Frances Acomb,Female,Safety Technician IV,Knoxville,United States,US,Tennessee,2019-03-09,0363-0567,2019-05-10,Second Class,Truck,37924,942754.67,1,0.74,jcb,Bad,62,2019-03,2,942754.67
831,Edgeclub,8398,Ford,E350,Mauv,2004,683185.48,63868-926,Kienan De Ruel,Male,Software Engineer I,Wichita,United States,US,Kansas,2019-03-04,21695-223,2019-01-18,Second Class,Air,67220,893058.78,2,0.74,china-unionpay,Okay,-45,2019-03,3,446529.39
832,Mynte,5694,Lincoln,Town Car,Khaki,2008,562464.08,0904-5869,Shannan Humfrey,Male,Civil Engineer,Newport News,United States,US,Virginia,2018-06-28,49967-006,2019-03-30,First Class,Air,23605,774076.72,2,0.87,mastercard,Good,275,2018-06,4,387038.36
833,Oozz,8673,Nissan,Sentra,Turquoise,2003,502874.75,21695-146,Esmeralda Prodrick,Female,Help Desk Operator,Winston Salem,United States,US,North Carolina,2018-12-26,35356-765,2019-03-10,First Class,Air,27110,789455.65,2,0.42,diners-club-enroute,Bad,74,2018-12,2,394727.825
834,Tagpad,4263,Kia,Sedona,Blue,2011,532384.01,36800-618,Bambie Freemantle,Female,Dental Hygienist,New Orleans,United States,US,Louisiana,2018-12-01,76344-5001,2019-03-22,First Class,Air,70174,993960.11,2,0.31,jcb,Good,111,2018-12,4,496980.055
835,Linkbuzz,8551,Suzuki,Vitara,Red,2004,739966.48,49643-301,Brit Brennan,Female,Account Executive,Alhambra,United States,US,California,2019-05-13,0378-7155,2019-02-26,Standard Class,Air,91841,826635.9,2,0.58,maestro,Good,-76,2019-05,4,413317.95
836,Kayveo,5589,Chevrolet,Express 2500,Red,1996,786288.29,50268-453,Moira Bearward,Female,Chemical Engineer,Charlotte,United States,US,North Carolina,2019-05-19,49349-015,2019-05-24,Second Class,Air,28220,946986.17,2,0.38,mastercard,Very Good,5,2019-05,5,473493.085
837,Linkbridge,9105,Mercedes-Benz,GL-Class,Teal,2007,610117.98,36987-2265,Vittorio Mariner,Male,Administrative Officer,Harrisburg,United States,US,Pennsylvania,2018-08-30,37000-410,2019-04-12,Same Day,Air,17126,930483.56,1,0.4,visa-electron,Very Good,225,2018-08,5,930483.56
838,Divavu,6711,Acura,ZDX,Khaki,2010,757687.61,53489-590,Nikaniki Ciccottini,Female,Web Designer I,Houston,United States,US,Texas,2019-05-05,68788-9841,2019-05-05,Same Day,Air,77281,937869.14,1,0.39,diners-club-carte-blanche,Very Bad,0,2019-05,1,937869.14
839,Leexo,7722,Volvo,C70,Mauv,2013,671719.74,0440-1385,Sergeant Walkley,Male,Chief Design Engineer,Anderson,United States,US,Indiana,2019-03-30,63783-403,2019-01-27,First Class,Truck,46015,755845.16,2,0.35,jcb,Good,-62,2019-03,4,377922.58
840,InnoZ,6299,GMC,Sierra 2500HD,Turquoise,2006,794277.7,36987-2079,Ali Repper,Female,Systems Administrator IV,Austin,United States,US,Texas,2019-06-02,55154-5896,2019-05-17,Standard Class,Truck,78710,708238.89,1,0.73,jcb,Bad,-16,2019-06,2,708238.89
841,Pixope,8480,Mazda,Navajo,Maroon,1993,779729.93,68472-132,Anna-diane Jeanesson,Female,Recruiter,Knoxville,United States,US,Tennessee,2018-09-17,37808-476,2019-01-05,Same Day,Air,37995,893916.29,2,0.69,mastercard,Very Good,110,2018-09,5,446958.145
842,Feedbug,7706,Mazda,MPV,Pink,1990,680232.41,48951-1037,Elwira Maylam,Female,Account Representative II,Norman,United States,US,Oklahoma,2018-07-29,52125-051,2019-03-03,Same Day,Truck,73071,882064.51,1,0.9,jcb,Okay,217,2018-07,3,882064.51
843,Roombo,2499,Aston Martin,V12 Vantage,Green,2012,621092.39,37000-587,Zacherie Aartsen,Male,Senior Financial Analyst,Saginaw,United States,US,Michigan,2018-09-22,41250-037,2019-01-29,First Class,Air,48609,937323.87,2,0.58,jcb,Okay,129,2018-09,3,468661.935
844,Feedmix,593,Pontiac,Grand Prix,Indigo,1994,550152.88,55150-125,Elysha Marquez,Female,Assistant Manager,Milwaukee,United States,US,Wisconsin,2019-02-03,51672-4050,2019-04-09,First Class,Truck,53215,980213.23,2,0.73,diners-club-carte-blanche,Bad,65,2019-02,2,490106.615
845,Brainsphere,8799,Cadillac,Escalade EXT,Blue,2010,636858.15,36987-1163,Laurens Wye,Male,Web Developer II,New York City,United States,US,New York,2019-04-03,13668-343,2019-02-21,First Class,Air,10275,727191.54,2,0.62,china-unionpay,Very Good,-41,2019-04,5,363595.77
846,Mymm,8019,Nissan,Frontier,Khaki,2000,598226.5,0363-0057,Iver Thaxter,Male,Social Worker,Milwaukee,United States,US,Wisconsin,2019-03-14,0409-9789,2019-02-09,Second Class,Air,53285,711964.37,2,0.52,jcb,Very Good,-33,2019-03,5,355982.185
847,Flashdog,1711,Ford,Freestar,Goldenrod,2005,556870.9,16729-248,Anastasia Margiotta,Female,Chief Design Engineer,Birmingham,United States,US,Alabama,2018-11-16,0268-1366,2019-03-15,Standard Class,Air,35290,900087.93,2,0.46,jcb,Okay,119,2018-11,3,450043.965
848,Feedbug,5785,Lexus,IS,Pink,2006,554332.62,76331-807,Reena Huelin,Female,Editor,Portland,United States,US,Oregon,2018-10-19,11994-127,2019-04-05,Standard Class,Truck,97286,938822.87,2,0.69,mastercard,Bad,168,2018-10,2,469411.435
849,Twimbo,5300,Porsche,911,Purple,1998,741589.61,36987-3262,Estelle Gunter,Female,Business Systems Development Analyst,Charlotte,United States,US,North Carolina,2018-11-12,45802-101,2019-06-14,Second Class,Truck,28289,847331.53,1,0.57,switch,Very Good,214,2018-11,5,847331.53
850,Dynabox,8602,Pontiac,Grand Am,Puce,1990,727181.05,48951-1066,Dena Weavers,Female,Clinical Specialist,Tampa,United States,US,Florida,2019-04-13,51386-500,2019-04-21,First Class,Air,33625,761918.61,2,0.27,laser,Very Good,8,2019-04,5,380959.305
851,Skimia,4469,Lexus,GX,Mauv,2008,758122.49,55910-199,Valentin Everix,Male,Community Outreach Specialist,Daytona Beach,United States,US,Florida,2018-11-15,42291-805,2019-02-03,First Class,Air,32123,970739.41,2,0.6,maestro,Good,80,2018-11,4,485369.705
852,Skidoo,5581,Nissan,280ZX,Yellow,1979,705912.16,49643-104,Glendon Brazier,Male,Research Nurse,Knoxville,United States,US,Tennessee,2019-01-10,45802-245,2019-03-13,Standard Class,Truck,37924,898872.18,1,0.47,mastercard,Very Bad,62,2019-01,1,898872.18
853,Kwideo,1665,Mercedes-Benz,300SE,Goldenrod,1993,661174.36,58232-0702,Andrew Siviter,Male,Food Chemist,Richmond,United States,US,Virginia,2019-01-31,42192-353,2019-02-23,Second Class,Air,23277,748411.79,1,0.75,americanexpress,Good,23,2019-01,4,748411.79
854,Quimm,9329,Subaru,Justy,Puce,1990,517142.83,49288-0326,Neddie Pedder,Male,Senior Editor,Portland,United States,US,Oregon,2018-12-18,55111-341,2019-04-08,Second Class,Air,97271,711788.52,2,0.61,mastercard,Very Bad,111,2018-12,1,355894.26
855,Wikibox,1662,Mercedes-Benz,SL-Class,Crimson,2009,755485.08,65162-642,Olvan Strewthers,Male,Product Engineer,Orlando,United States,US,Florida,2019-02-13,42507-247,2019-06-10,Second Class,Truck,32830,931842.37,1,0.37,instapayment,Bad,117,2019-02,2,931842.37
856,Linktype,9333,Buick,Century,Khaki,1992,796948.82,36987-3061,Torie Erricker,Female,Senior Cost Accountant,New Orleans,United States,US,Louisiana,2019-02-05,43386-622,2019-03-24,First Class,Air,70174,808846.03,1,0.47,mastercard,Good,47,2019-02,4,808846.03
857,Avaveo,3889,Nissan,Titan,Puce,2009,677863.64,50730-8719,Elmo Kornacki,Male,Financial Analyst,Reading,United States,US,Pennsylvania,2019-04-19,47682-073,2019-02-18,Second Class,Air,19605,906360.11,2,0.7,jcb,Okay,-60,2019-04,3,453180.055
858,Chatterbridge,696,Audi,TT,Pink,2004,705970.97,68788-0920,Ursuline Umpleby,Female,VP Accounting,Phoenix,United States,US,Arizona,2018-10-11,54458-967,2019-05-24,Same Day,Air,85020,950656.23,1,0.52,jcb,Very Good,225,2018-10,5,950656.23
859,Trilia,3852,Ford,F-Series Super Duty,Fuscia,2008,736754.55,41520-190,Revkah Kuschek,Female,Engineer IV,Pittsburgh,United States,US,Pennsylvania,2018-07-07,28107-010,2019-03-11,Standard Class,Air,15225,929677.44,2,0.89,jcb,Bad,247,2018-07,2,464838.72
860,Fliptune,2039,Oldsmobile,Bravada,Orange,1997,536650.66,13537-113,Heath Cordingly,Female,Computer Systems Analyst I,Kingsport,United States,US,Tennessee,2019-02-10,14783-434,2019-05-02,Standard Class,Air,37665,995597.63,1,0.62,diners-club-enroute,Very Good,81,2019-02,5,995597.63
861,Aivee,3787,Audi,S5,Turquoise,2011,677518.46,10019-035,Sanderson Northbridge,Male,Physical Therapy Assistant,Baltimore,United States,US,Maryland,2019-05-30,54569-0355,2019-06-10,Standard Class,Air,21211,711993.48,1,0.36,diners-club-us-ca,Bad,11,2019-05,2,711993.48
862,Skiptube,203,Lexus,LX,Yellow,2009,743273.77,65862-697,Lannie Bilbery,Male,Structural Engineer,Anchorage,United States,US,Alaska,2018-12-30,51991-793,2019-03-01,Standard Class,Air,99507,819167.64,2,0.49,jcb,Very Bad,61,2018-12,1,409583.82
863,Rhynyx,9859,Mazda,Mazdaspeed 3,Purple,2008,641041.29,63517-101,Weidar Elliot,Male,Analyst Programmer,New Orleans,United States,US,Louisiana,2019-01-25,0781-3136,2019-03-10,First Class,Air,70160,715755.21,1,0.38,americanexpress,Okay,44,2019-01,3,715755.21
864,Gabspot,8023,Infiniti,G35,Goldenrod,2007,743163.71,41163-603,Gabriellia Bard,Female,Software Test Engineer IV,Cleveland,United States,US,Ohio,2018-08-24,59535-4311,2019-01-18,Same Day,Truck,44177,714782.23,1,0.61,jcb,Very Bad,147,2018-08,1,714782.23
865,Buzzbean,5582,Mazda,Protege,Green,1998,549101.39,49967-372,Sally Timmes,Female,Associate Professor,Port Saint Lucie,United States,US,Florida,2019-02-24,52686-230,2019-04-26,Second Class,Truck,34985,789487.07,2,0.84,visa-electron,Very Good,61,2019-02,5,394743.535
866,Linkbridge,8909,Pontiac,Firebird,Crimson,1985,654943.48,45802-759,Tedie Newlove,Male,Assistant Professor,Louisville,United States,US,Kentucky,2019-04-15,36987-3212,2019-03-28,Same Day,Truck,40266,733391.5,1,0.53,jcb,Very Bad,-18,2019-04,1,733391.5
867,Pixonyx,9543,GMC,Sierra,Indigo,2010,752038.24,55648-787,Standford Longhorne,Male,Account Representative I,North Hollywood,United States,US,California,2018-10-06,0869-0686,2019-01-20,First Class,Air,91616,814631.94,1,0.32,instapayment,Very Bad,106,2018-10,1,814631.94
868,Demizz,7729,Ford,F150,Blue,2009,579906.48,42627-257,Prissie O'Dempsey,Female,Structural Analysis Engineer,Montgomery,United States,US,Alabama,2019-02-03,36987-2194,2019-01-19,Same Day,Truck,36177,753196.07,1,0.67,china-unionpay,Very Good,-15,2019-02,5,753196.07
869,Kazio,2109,Dodge,Durango,Green,1998,772124.26,36987-2932,Wilton Sinnott,Male,Project Manager,Naples,United States,US,Florida,2018-08-31,37012-845,2019-05-11,Same Day,Truck,33963,769635.33,1,0.67,maestro,Bad,253,2018-08,2,769635.33
870,Skibox,8447,BMW,3 Series,Red,2004,645397.71,35356-926,Timmie Pehrsson,Male,Database Administrator II,Washington,United States,US,District of Columbia,2018-07-18,54868-6296,2019-06-01,First Class,Truck,20580,807974.4,1,0.72,diners-club-carte-blanche,Very Bad,318,2018-07,1,807974.4
871,Digitube,809,Chevrolet,Corvette,Khaki,1995,711905.29,65044-1791,Elnore Lampens,Female,Dental Hygienist,Kansas City,United States,US,Missouri,2018-12-12,54575-196,2019-01-04,Second Class,Truck,64199,818323.16,1,0.81,diners-club-carte-blanche,Very Bad,23,2018-12,1,818323.16
872,Tagcat,5019,Mercedes-Benz,SLS-Class,Pink,2011,506994.88,0591-0932,Valery Crole,Female,Senior Cost Accountant,Fresno,United States,US,California,2019-02-25,10596-330,2019-04-12,First Class,Truck,93715,812303.63,1,0.71,jcb,Very Good,46,2019-02,5,812303.63
873,Browsebug,9823,Audi,A8,Indigo,2012,632674.07,68745-1057,Riannon Vaisey,Female,Environmental Specialist,Riverside,United States,US,California,2019-02-18,0268-6640,2019-03-30,Second Class,Truck,92513,860741.36,1,0.76,diners-club-enroute,Very Bad,40,2019-02,1,860741.36
874,Rhyloo,6573,BMW,M3,Goldenrod,2002,640032.91,13537-048,Archibold Childerhouse,Male,Design Engineer,Tampa,United States,US,Florida,2018-06-21,0591-2805,2019-03-12,Same Day,Truck,33680,881609.23,1,0.37,jcb,Very Bad,264,2018-06,1,881609.23
875,Aivee,742,Mercedes-Benz,E-Class,Puce,1984,654986.52,63539-5195,Lorry Chateau,Female,Nurse Practicioner,Juneau,United States,US,Alaska,2019-04-24,49288-0588,2019-05-11,Standard Class,Air,99812,724812.76,2,0.63,maestro,Very Bad,17,2019-04,1,362406.38
876,Flashdog,4682,Chevrolet,Caprice,Fuscia,1977,584013.95,43857-0300,Herminia Van Daalen,Female,Desktop Support Technician,Wilmington,United States,US,Delaware,2018-11-30,48951-2021,2019-04-01,Second Class,Air,19805,919628.58,2,0.63,americanexpress,Very Good,122,2018-11,5,459814.29
877,Pixoboo,8163,Suzuki,Sidekick,Mauv,1992,645381.97,0781-2195,Wallie Wingham,Female,Payment Adjustment Coordinator,Washington,United States,US,District of Columbia,2018-09-01,55154-4179,2019-01-16,Same Day,Truck,20205,843065.66,2,0.66,switch,Very Bad,137,2018-09,1,421532.83
878,Skinix,7641,Acura,NSX,Khaki,1992,574374.13,0115-1232,Wyatt Dysert,Male,Analog Circuit Design manager,Madison,United States,US,Wisconsin,2019-04-15,59667-0103,2019-02-10,First Class,Truck,53779,798852.38,1,0.46,mastercard,Very Good,-64,2019-04,5,798852.38
879,Teklist,9981,Rolls-Royce,Phantom,Crimson,2011,516274.45,62670-4458,Randy Gummory,Male,Social Worker,Denver,United States,US,Colorado,2018-07-09,50436-5891,2019-01-18,Same Day,Truck,80228,930903.65,1,0.48,jcb,Very Good,193,2018-07,5,930903.65
880,Browseblab,6511,Chevrolet,Citation,Teal,1980,754141.69,55655-121,Tilda Cromley,Female,Human Resources Manager,Saint Louis,United States,US,Missouri,2019-06-14,47682-502,2019-04-14,Standard Class,Air,63121,977477.16,1,0.83,diners-club-carte-blanche,Bad,-61,2019-06,2,977477.16
881,Tanoodle,8663,Mitsubishi,Lancer,Goldenrod,2004,692269.3,43063-260,Zea Chevalier,Female,Accountant I,Arlington,United States,US,Virginia,2018-11-17,68084-860,2019-03-21,Second Class,Truck,22217,701486.88,2,0.84,jcb,Bad,124,2018-11,2,350743.44
882,Oloo,9064,Dodge,Ram 3500,Blue,1995,664712.23,65954-382,Brenda Bernardeau,Female,Civil Engineer,Albuquerque,United States,US,New Mexico,2018-10-02,16714-357,2019-05-18,Second Class,Air,87201,710104.66,2,0.61,instapayment,Bad,228,2018-10,2,355052.33
883,Buzzbean,3999,Toyota,Camry,Indigo,2000,570367.33,24385-594,Gawen McQuie,Male,Recruiting Manager,Oklahoma City,United States,US,Oklahoma,2018-11-17,54868-6010,2019-02-09,First Class,Truck,73135,915297.96,1,0.36,bankcard,Okay,84,2018-11,3,915297.96
884,Quatz,8271,Mitsubishi,Mighty Max Macro,Turquoise,1992,746135.61,0280-1146,Rockey Basilotta,Male,Teacher,Cincinnati,United States,US,Ohio,2018-10-05,0536-2220,2019-01-15,Second Class,Truck,45228,702060.66,2,0.68,jcb,Very Bad,102,2018-10,1,351030.33
885,Yakitri,5501,Audi,A4,Green,1997,694021.87,50519-773,La verne Vaszoly,Female,Junior Executive,Colorado Springs,United States,US,Colorado,2019-03-11,54162-017,2019-03-18,Standard Class,Air,80995,821077.73,1,0.84,jcb,Bad,7,2019-03,2,821077.73
886,Topdrive,4341,Jeep,Compass,Red,2008,775457.82,49873-608,Barron Emburey,Male,Executive Secretary,Bakersfield,United States,US,California,2018-07-28,13537-422,2019-01-07,Standard Class,Air,93305,978328.37,2,0.76,jcb,Good,163,2018-07,4,489164.185
887,Photofeed,7109,Lexus,RX,Teal,2001,604800.87,11716-0103,Lynett Pentony,Female,Analyst Programmer,Portsmouth,United States,US,New Hampshire,2018-10-30,63539-012,2019-03-01,Same Day,Air,214,938938.2,2,0.35,china-unionpay,Very Bad,122,2018-10,1,469469.1
888,Brightbean,4011,Ford,Transit Connect,Khaki,2012,621916.45,68645-320,Isidor McCumesky,Male,VP Quality Control,Houston,United States,US,Texas,2019-04-05,55154-1391,2019-01-08,First Class,Air,77223,901160.4,1,0.76,bankcard,Very Bad,-87,2019-04,1,901160.4
889,Dablist,9761,Jeep,Wrangler,Blue,2008,606415.76,62756-552,Alford Mainds,Male,Account Representative I,New York City,United States,US,New York,2018-11-21,49781-121,2019-03-10,Same Day,Air,10009,806288.94,1,0.6,laser,Good,109,2018-11,4,806288.94
890,Cogibox,1839,Mazda,Protege,Crimson,1997,602954.03,0409-7139,Guss Yetman,Male,Data Coordiator,Springfield,United States,US,Ohio,2019-04-04,0002-7502,2019-06-03,Standard Class,Truck,45505,808468.26,1,0.88,jcb,Very Bad,60,2019-04,1,808468.26
891,Wikizz,8171,Jeep,Grand Cherokee,Fuscia,2002,563434.73,10586-9102,Giordano Pott,Male,Account Coordinator,Lakeland,United States,US,Florida,2018-08-19,55154-5472,2019-02-26,First Class,Truck,33811,995578.37,2,0.27,china-unionpay,Good,191,2018-08,4,497789.185
892,Trudoo,5295,Oldsmobile,Cutlass Supreme,Maroon,1994,632665.68,0085-1132,Valeria Abram,Female,Account Representative III,Springfield,United States,US,Illinois,2019-04-04,0135-0525,2019-04-09,Second Class,Truck,62776,965695.64,1,0.63,jcb,Okay,5,2019-04,3,965695.64
893,Yotz,24,Buick,Coachbuilder,Teal,1994,610872.2,68016-526,Brigit Ruddiforth,Female,Staff Accountant IV,Scottsdale,United States,US,Arizona,2019-04-17,53389-100,2019-04-06,Second Class,Truck,85260,904555.79,2,0.74,jcb,Very Bad,-11,2019-04,1,452277.895
894,Vinder,23,Nissan,Frontier,Pink,2011,730347.38,37205-844,Ahmed Lodeke,Male,Computer Systems Analyst II,San Francisco,United States,US,California,2018-11-24,51079-300,2019-05-21,Second Class,Truck,94154,720172.78,1,0.48,diners-club-enroute,Very Good,178,2018-11,5,720172.78
895,Yambee,3378,Lincoln,MKX,Yellow,2009,608645.54,48951-1191,Creighton McTrustrie,Male,Legal Assistant,Atlanta,United States,US,Georgia,2019-01-06,54868-5581,2019-03-09,Standard Class,Air,30328,944403.45,1,0.7,jcb,Okay,62,2019-01,3,944403.45
896,Abatz,9932,Buick,Century,Turquoise,1996,558958.38,0268-1046,Fey Emig,Female,Assistant Media Planner,Atlanta,United States,US,Georgia,2018-07-31,50268-453,2019-05-02,Same Day,Truck,30380,826099.05,1,0.32,jcb,Very Good,275,2018-07,5,826099.05
897,Chatterbridge,5822,BMW,X5,Violet,2004,726495.19,22431-582,Kayle Trevillion,Female,Professor,Shreveport,United States,US,Louisiana,2019-04-08,76069-100,2019-03-12,Second Class,Truck,71161,710897.26,2,0.26,jcb,Very Good,-27,2019-04,5,355448.63
898,Camimbo,8180,Subaru,Outback,Orange,2012,519768.01,59762-2310,Daron Hyatt,Female,Systems Administrator I,New Haven,United States,US,Connecticut,2018-07-21,30142-154,2019-06-10,First Class,Air,6538,856133.66,1,0.72,jcb,Good,324,2018-07,4,856133.66
899,Pixonyx,728,Hyundai,Tiburon,Purple,2003,692525.49,59450-200,Ramon Filipson,Male,Geological Engineer,Des Moines,United States,US,Iowa,2019-02-26,0135-0484,2019-06-08,Standard Class,Air,50393,748094.19,1,0.62,switch,Okay,102,2019-02,3,748094.19
900,Pixoboo,7012,Buick,Century,Maroon,2004,519023.55,0615-7662,Waldo Harriday,Male,Office Assistant I,Sacramento,United States,US,California,2019-02-10,0093-8232,2019-04-21,Same Day,Truck,95818,967079.99,2,0.48,jcb,Okay,70,2019-02,3,483539.995
901,Eabox,8574,Audi,S5,Mauv,2010,722881.18,0555-0860,Guillermo Schwerin,Male,Administrative Officer,Shreveport,United States,US,Louisiana,2018-11-11,36987-2764,2019-03-19,First Class,Truck,71166,733967.37,1,0.63,visa-electron,Good,128,2018-11,4,733967.37
902,Lazz,9421,Mercedes-Benz,600SEL,Aquamarine,1993,727672.88,55143-107,Florri Menear,Female,GIS Technical Architect,Macon,United States,US,Georgia,2018-11-07,10544-020,2019-06-17,Standard Class,Truck,31210,956856.33,1,0.76,china-unionpay,Very Good,222,2018-11,5,956856.33
903,Bluejam,4679,Volvo,C70,Blue,2013,753172.07,54312-325,Idelle Fitch,Female,Recruiting Manager,Lexington,United States,US,Kentucky,2019-02-20,48951-7116,2019-02-13,Second Class,Truck,40596,861742.21,2,0.5,jcb,Very Bad,-7,2019-02,1,430871.105
904,Yozio,3570,Ford,Excursion,Mauv,2002,750790.5,41163-156,Mariquilla Kernaghan,Female,Environmental Tech,New Orleans,United States,US,Louisiana,2019-06-04,54575-943,2019-01-19,Second Class,Air,70149,980953.2,2,0.76,solo,Very Good,-136,2019-06,5,490476.6
905,Feedbug,9811,Volkswagen,Beetle,Orange,1965,769865.36,75866-306,Fergus Fransinelli,Male,Marketing Manager,El Paso,United States,US,Texas,2018-07-26,0591-3748,2019-06-14,Second Class,Truck,88519,778363.84,1,0.83,jcb,Okay,323,2018-07,3,778363.84
906,Yakijo,7724,Chevrolet,Beretta,Teal,1995,508442.61,16590-987,Cleveland Bracchi,Male,Nuclear Power Engineer,Chicago,United States,US,Illinois,2018-08-13,43598-316,2019-01-24,Standard Class,Air,60614,950611.83,1,0.82,mastercard,Bad,164,2018-08,2,950611.83
907,Oyoyo,2751,Mitsubishi,Excel,Teal,1989,591940.06,47593-359,Merline Elgar,Female,Structural Engineer,San Antonio,United States,US,Texas,2018-11-20,63146-103,2019-04-19,Standard Class,Air,78225,859637.02,1,0.55,maestro,Good,150,2018-11,4,859637.02
908,Edgeblab,7664,Isuzu,VehiCROSS,Purple,2001,542607.84,36987-2245,Daisi Lindroos,Female,Cost Accountant,Fort Worth,United States,US,Texas,2019-05-05,62011-0140,2019-06-08,Second Class,Truck,76192,950435.75,2,0.6,jcb,Okay,34,2019-05,3,475217.875
909,Dazzlesphere,8042,Mercedes-Benz,SL-Class,Green,2011,520263.99,57844-115,Brianne Tudbald,Female,Senior Sales Associate,Cincinnati,United States,US,Ohio,2018-08-09,49884-984,2019-03-07,Second Class,Truck,45296,773110.66,1,0.46,mastercard,Very Good,210,2018-08,5,773110.66
910,Yakijo,8162,Pontiac,Trans Sport,Puce,1996,785144.32,10742-8223,Bendix Cridlan,Male,Graphic Designer,San Antonio,United States,US,Texas,2019-03-28,54868-5846,2019-01-23,Standard Class,Truck,78245,928886.2,1,0.82,jcb,Good,-64,2019-03,4,928886.2
911,Devshare,359,Volkswagen,Cabriolet,Goldenrod,1985,777674.47,52125-365,Shannah Chartre,Female,Help Desk Technician,Sacramento,United States,US,California,2018-06-28,49349-609,2019-06-06,Standard Class,Truck,95894,736657.75,1,0.68,switch,Good,343,2018-06,4,736657.75
912,Rhynyx,8522,Isuzu,Trooper,Green,1998,590305.64,0603-4998,Carey Criple,Female,Web Designer III,Columbia,United States,US,South Carolina,2018-11-12,68788-9107,2019-05-08,First Class,Truck,29208,978803.12,2,0.88,americanexpress,Bad,177,2018-11,2,489401.56
913,Avavee,9006,Dodge,Viper,Khaki,1999,644394.31,68639-0001,Jud Dominelli,Male,VP Marketing,Madison,United States,US,Wisconsin,2019-01-09,55319-504,2019-02-13,Same Day,Air,53726,846228.77,1,0.27,visa,Okay,35,2019-01,3,846228.77
914,Skivee,2098,Mazda,Familia,Blue,1991,667125.05,0378-5504,Kalie Stockell,Female,Business Systems Development Analyst,Anderson,United States,US,Indiana,2019-01-19,0093-0248,2019-02-23,First Class,Air,46015,706953.42,1,0.58,visa-electron,Okay,35,2019-01,3,706953.42
915,Quire,118,Lincoln,Continental,Red,1995,764693.06,0363-0359,Betty Cheyne,Female,Developer IV,Montgomery,United States,US,Alabama,2018-10-16,0677-1978,2019-04-20,Standard Class,Air,36119,961367.22,1,0.37,visa,Very Good,186,2018-10,5,961367.22
916,Thoughtsphere,9402,Cadillac,Escalade EXT,Crimson,2012,561348.68,53389-251,Anjanette Joselin,Female,Human Resources Manager,El Paso,United States,US,Texas,2018-07-12,55154-3395,2019-02-18,Second Class,Air,79950,955091.14,2,0.54,bankcard,Very Good,221,2018-07,5,477545.57
917,Oyoloo,8809,Mercury,Monterey,Orange,2006,699895.06,52125-774,Jilleen Bennit,Female,Junior Executive,Louisville,United States,US,Kentucky,2019-01-26,22700-134,2019-01-01,Same Day,Truck,40256,711832.25,2,0.32,maestro,Very Good,-25,2019-01,5,355916.125
918,Realblab,38,GMC,Yukon,Yellow,1996,524938.57,52959-579,Joey MacConnell,Male,Junior Executive,Gilbert,United States,US,Arizona,2018-09-08,33261-150,2019-02-25,Second Class,Air,85297,999315.69,2,0.69,bankcard,Okay,170,2018-09,3,499657.845
919,Rhyzio,7937,Mitsubishi,Starion,Aquamarine,1985,779995.68,43063-392,Jillene Piotrowski,Female,Clinical Specialist,Lima,United States,US,Ohio,2018-11-18,48951-8025,2019-06-09,Same Day,Air,45807,747744.55,2,0.56,jcb,Bad,203,2018-11,2,373872.275
920,Fadeo,9925,Saab,900,Purple,1993,670666.17,55154-7566,Hinze Bonhan,Male,Environmental Specialist,El Paso,United States,US,Texas,2018-10-12,62011-0198,2019-03-14,Standard Class,Air,79955,902584.6,1,0.34,visa,Okay,153,2018-10,3,902584.6
921,Yambee,9305,Ferrari,599 GTB Fiorano,Mauv,2009,502335.29,55316-426,Dylan Shotter,Male,Recruiting Manager,Oklahoma City,United States,US,Oklahoma,2018-12-16,57520-0111,2019-05-09,First Class,Truck,73129,886109.91,1,0.62,switch,Bad,144,2018-12,2,886109.91
922,Divanoodle,6611,Ford,F-Series,Goldenrod,2007,544872.91,75857-0001,Wilmar Dourin,Male,Senior Developer,West Hartford,United States,US,Connecticut,2018-10-02,60429-131,2019-05-05,First Class,Air,6127,959098.77,1,0.58,visa-electron,Okay,215,2018-10,3,959098.77
923,Buzzshare,3452,Infiniti,EX,Blue,2010,599404.24,0268-6701,Quentin Churchill,Male,Nuclear Power Engineer,Brooklyn,United States,US,New York,2018-07-21,42998-974,2019-02-05,Same Day,Air,11215,992267.51,1,0.87,diners-club-carte-blanche,Very Bad,199,2018-07,1,992267.51
924,Browsetype,9432,Saturn,VUE,Mauv,2003,538113.12,59779-600,Franzen Kirkman,Male,Staff Accountant III,Jamaica,United States,US,New York,2019-06-12,30142-198,2019-05-12,First Class,Air,11470,813545.58,2,0.77,americanexpress,Bad,-31,2019-06,2,406772.79
925,Tazz,5141,Pontiac,Safari,Red,1987,750395.71,46994-329,Sela Marsters,Female,Cost Accountant,White Plains,United States,US,New York,2018-09-08,0591-2467,2019-04-30,Same Day,Truck,10606,788082.02,1,0.32,visa-electron,Bad,234,2018-09,2,788082.02
926,Feednation,612,Aston Martin,Vantage,Crimson,2008,720268.84,11523-1314,Inesita Lots,Female,Tax Accountant,Jacksonville,United States,US,Florida,2018-07-09,51138-067,2019-04-15,Same Day,Truck,32209,849411.71,1,0.37,jcb,Good,280,2018-07,4,849411.71
927,Realbuzz,5102,Nissan,Murano,Goldenrod,2009,613699.56,60505-3673,Hillie Minister,Male,Human Resources Assistant IV,Memphis,United States,US,Tennessee,2018-12-24,69097-151,2019-02-06,Standard Class,Air,38143,732334.35,2,0.31,diners-club-enroute,Bad,44,2018-12,2,366167.175
928,Nlounge,1142,Nissan,Maxima,Khaki,1997,583144.17,54868-6220,Stevie Crossingham,Male,Budget/Accounting Analyst IV,Van Nuys,United States,US,California,2019-05-01,63395-201,2019-04-30,Same Day,Truck,91411,796646.15,2,0.64,diners-club-enroute,Okay,-1,2019-05,3,398323.075
929,Katz,9671,Volvo,S40,Mauv,2001,753115.75,0363-0604,Tadeo Pyson,Male,Geological Engineer,Washington,United States,US,District of Columbia,2018-08-04,0093-5539,2019-02-05,Same Day,Air,20005,982564.02,1,0.48,americanexpress,Very Good,185,2018-08,5,982564.02
930,Vinte,8901,Toyota,Celica,Red,1976,747743.24,68382-027,Tedra Wasbey,Female,Media Manager IV,Irvine,United States,US,California,2019-01-23,50436-9973,2019-03-03,Standard Class,Truck,92612,724824.7,2,0.35,maestro,Very Good,39,2019-01,5,362412.35
931,Skyvu,8043,Saab,9-3,Crimson,2004,627014.03,68472-072,Cariotta Perel,Female,Internal Auditor,Wichita Falls,United States,US,Texas,2019-04-19,55111-565,2019-05-26,Standard Class,Air,76305,749629.33,1,0.55,jcb,Very Good,37,2019-04,5,749629.33
932,Roombo,4531,Plymouth,Colt Vista,Fuscia,1994,655890.43,37000-764,Ingeborg Gasquoine,Female,Payment Adjustment Coordinator,Seattle,United States,US,Washington,2018-10-20,51672-4109,2019-01-17,First Class,Air,98166,861981.38,1,0.89,visa,Bad,89,2018-10,2,861981.38
933,Blogtags,3796,Maybach,57S,Aquamarine,2005,746550.84,0440-7805,Adiana Langshaw,Female,Occupational Therapist,Salt Lake City,United States,US,Utah,2019-03-21,63187-061,2019-01-05,Second Class,Air,84105,882195.86,2,0.7,jcb,Very Good,-75,2019-03,5,441097.93
934,Rhybox,8457,Lexus,LS,Puce,1989,645694.27,36800-980,Milzie Sutherby,Female,Nurse Practicioner,Kansas City,United States,US,Missouri,2018-06-19,0942-6459,2019-05-03,Same Day,Air,64109,846757.92,2,0.5,visa-electron,Bad,318,2018-06,2,423378.96
935,Skippad,131,Toyota,Solara,Green,1999,706179.75,68151-2871,Marla Essery,Female,Accountant IV,Reading,United States,US,Pennsylvania,2019-02-10,0178-0490,2019-06-07,First Class,Air,19605,988909.9,2,0.58,bankcard,Good,117,2019-02,4,494454.95
936,Kazu,9755,Maybach,57,Mauv,2005,516753.59,75904-3343,Cornall Canizares,Male,Teacher,Springfield,United States,US,Illinois,2019-06-11,50436-6046,2019-06-01,First Class,Truck,62764,914837.16,2,0.58,china-unionpay,Very Good,-10,2019-06,5,457418.58
937,Vinte,8397,Kia,Rio,Violet,2011,575473.29,59762-1412,Jenna Fathers,Female,Project Manager,Columbia,United States,US,South Carolina,2019-04-28,61748-200,2019-03-26,Second Class,Air,29203,806931.2,1,0.87,diners-club-enroute,Bad,-33,2019-04,2,806931.2
938,Bluejam,110,Chevrolet,Silverado 2500,Teal,2009,746875.73,54575-348,Ardelia Toll,Female,Research Assistant I,Lafayette,United States,US,Louisiana,2019-01-04,54868-5002,2019-04-27,First Class,Truck,70593,931028.62,1,0.39,jcb,Okay,113,2019-01,3,931028.62
939,Twitternation,1173,Kia,Sportage,Khaki,2002,722002.22,0519-1357,Caitrin Povall,Female,Web Designer IV,Newton,United States,US,Massachusetts,2018-06-29,27437-203,2019-01-31,Second Class,Truck,2458,960855.9,2,0.31,diners-club-international,Bad,216,2018-06,2,480427.95
940,Yodoo,7759,Chevrolet,Sportvan G10,Maroon,1993,540825.5,41520-140,Esra Copp,Male,Dental Hygienist,Las Vegas,United States,US,Nevada,2018-11-12,10019-033,2019-05-30,Second Class,Truck,89166,921195.48,1,0.58,mastercard,Very Bad,199,2018-11,1,921195.48
941,Photobug,5183,Mitsubishi,Excel,Pink,1989,643796.74,0781-5608,Clemence Freddi,Female,Registered Nurse,Rochester,United States,US,New York,2019-06-03,49035-176,2019-03-24,Same Day,Air,14646,872210.84,1,0.61,switch,Okay,-71,2019-06,3,872210.84
942,Thoughtbeat,4284,Ford,Explorer Sport,Mauv,2001,702638.94,76328-333,Hayward Audry,Male,Programmer Analyst III,New York City,United States,US,New York,2018-12-20,52125-877,2019-02-24,Second Class,Truck,10110,938864.54,1,0.78,jcb,Very Good,66,2018-12,5,938864.54
943,Fadeo,561,Ford,Escape,Fuscia,2009,673956.21,63629-1671,Koral Foy,Female,Research Nurse,Austin,United States,US,Texas,2018-12-25,68462-296,2019-05-29,First Class,Air,78769,887725.23,1,0.61,instapayment,Bad,155,2018-12,2,887725.23
944,Fivechat,64,Geo,Metro,Green,1995,626229.94,68105-005,Ahmed Suggett,Male,Project Manager,Naples,United States,US,Florida,2018-07-10,50198-2826,2019-06-14,Standard Class,Truck,34114,959754.27,1,0.64,mastercard,Very Bad,339,2018-07,1,959754.27
945,Zoomdog,9239,Chevrolet,Silverado 1500,Violet,2004,611966.63,63629-5094,Kingston Scotsbrook,Male,Project Manager,New Haven,United States,US,Connecticut,2019-01-25,55621-007,2019-01-10,First Class,Air,6538,719386.44,2,0.53,jcb,Bad,-15,2019-01,2,359693.22
946,Yodo,481,BMW,760,Yellow,2004,511800.86,43596-0011,Orsola Allonby,Female,Recruiter,New Orleans,United States,US,Louisiana,2018-09-08,55728-001,2019-01-19,First Class,Air,70142,752863.64,1,0.63,jcb,Very Bad,133,2018-09,1,752863.64
947,Kwimbee,9193,Audi,S6,Mauv,2007,673231.79,57520-0034,Kirsten Shoobridge,Female,Recruiting Manager,San Diego,United States,US,California,2018-10-11,0078-0512,2019-04-11,Standard Class,Truck,92127,768969.79,2,0.87,diners-club-carte-blanche,Very Bad,182,2018-10,1,384484.895
948,Wordtune,593,Volvo,C30,Khaki,2012,698042.77,75884-100,Huntlee Cunnah,Male,Analog Circuit Design manager,Idaho Falls,United States,US,Idaho,2018-10-29,51079-425,2019-05-14,Standard Class,Truck,83405,851696.17,2,0.9,jcb,Good,197,2018-10,4,425848.085
949,Quimba,3409,Volvo,C70,Turquoise,2010,506162.39,66259-701,Estele Baggett,Female,Structural Engineer,Columbus,United States,US,Ohio,2019-02-15,50563-180,2019-04-12,Second Class,Truck,43268,786821.32,2,0.6,americanexpress,Bad,56,2019-02,2,393410.66
950,Skipstorm,9945,Mercedes-Benz,CLS-Class,Teal,2006,760854.57,24571-111,Ulysses Stansbie,Male,Executive Secretary,Chicago,United States,US,Illinois,2018-08-28,51141-3771,2019-01-17,First Class,Truck,60652,894256.15,2,0.57,jcb,Bad,142,2018-08,2,447128.075
951,Gigazoom,7252,Mercedes-Benz,CL-Class,Goldenrod,2009,683285.86,76119-1214,Anson Falks,Male,Payment Adjustment Coordinator,Yonkers,United States,US,New York,2019-03-05,68645-468,2019-02-06,Standard Class,Truck,10705,704141.33,1,0.3,mastercard,Very Good,-27,2019-03,5,704141.33
952,Voolia,524,Volvo,C70,Aquamarine,2012,668093.59,58474-010,Bear Polin,Male,Internal Auditor,Pueblo,United States,US,Colorado,2019-01-31,0615-7667,2019-03-11,Second Class,Truck,81015,946497.71,1,0.86,maestro,Good,39,2019-01,4,946497.71
953,Divavu,7093,Toyota,Highlander,Yellow,2008,541112.82,68382-795,Russ Hamon,Male,Database Administrator IV,Beaverton,United States,US,Oregon,2019-05-05,59067-001,2019-05-12,Second Class,Truck,97075,956637.35,2,0.56,jcb,Very Bad,7,2019-05,1,478318.675
954,Yacero,1241,Cadillac,Escalade EXT,Violet,2002,555111.84,23155-128,Brnaby Hurich,Male,Geological Engineer,Detroit,United States,US,Michigan,2018-06-22,21624-001,2019-05-15,First Class,Truck,48217,750719.68,1,0.36,diners-club-carte-blanche,Good,327,2018-06,4,750719.68
955,Fadeo,7910,Suzuki,SJ,Crimson,1985,641960.9,43857-0294,Winny Piscot,Female,Cost Accountant,Van Nuys,United States,US,California,2018-07-04,64117-149,2019-04-15,First Class,Air,91499,920449.05,1,0.83,visa-electron,Bad,285,2018-07,2,920449.05
956,Livefish,4849,Dodge,Ram 2500,Turquoise,2007,798141.78,37808-230,Bonita Veracruysse,Female,Geological Engineer,Newark,United States,US,Delaware,2019-05-27,55319-107,2019-04-07,First Class,Truck,19725,879833.37,1,0.81,bankcard,Bad,-50,2019-05,2,879833.37
957,Skippad,1142,Infiniti,QX,Green,2011,529963.3,43419-380,Carlota Mapletoft,Female,Research Assistant II,New York City,United States,US,New York,2019-04-13,60429-509,2019-06-12,Same Day,Truck,10045,905366.74,2,0.65,jcb,Very Good,60,2019-04,5,452683.37
958,Demimbu,8904,Audi,5000S,Aquamarine,1988,688837.92,63629-1346,Timoteo Lidgertwood,Male,Senior Cost Accountant,Saint Louis,United States,US,Missouri,2018-12-10,75936-111,2019-02-21,Standard Class,Air,63121,996374.15,2,0.55,jcb,Bad,73,2018-12,2,498187.075
959,Podcat,4402,Dodge,Ram Van 3500,Turquoise,2001,508303.99,57664-229,Gare Flaherty,Male,Cost Accountant,Tampa,United States,US,Florida,2019-05-26,0832-1072,2019-06-17,Same Day,Truck,33686,715661.58,1,0.5,jcb,Very Good,22,2019-05,5,715661.58
960,Kare,2271,Chevrolet,Express 1500,Red,2009,567101.99,55926-0014,Alla Zuker,Female,Information Systems Manager,Kansas City,United States,US,Missouri,2019-01-08,59779-320,2019-03-17,First Class,Air,64153,883602.62,1,0.4,jcb,Bad,68,2019-01,2,883602.62
961,Browsedrive,419,Suzuki,Grand Vitara,Puce,2010,691809.05,25021-656,Rozanne Fanton,Female,Director of Sales,Stamford,United States,US,Connecticut,2019-06-03,64117-211,2019-06-07,Second Class,Truck,6905,947353.81,2,0.45,maestro,Very Bad,4,2019-06,1,473676.905
962,Gabvine,1229,Volkswagen,New Beetle,Blue,2003,777460.38,26509-0003,Selie Brogi,Female,Sales Representative,Roanoke,United States,US,Virginia,2018-08-11,41163-445,2019-06-13,Standard Class,Air,24004,826034.52,1,0.33,switch,Okay,306,2018-08,3,826034.52
963,Zazio,3553,Volkswagen,Golf,Crimson,2006,647798.46,33992-3003,Kalli Coslett,Female,Business Systems Development Analyst,Orlando,United States,US,Florida,2019-03-18,46287-009,2019-05-08,Second Class,Truck,32835,976784.71,1,0.71,visa,Very Good,51,2019-03,5,976784.71
964,Tazz,885,BMW,5 Series,Goldenrod,1994,798206.16,61727-303,Sascha Rallinshaw,Male,Database Administrator II,West Palm Beach,United States,US,Florida,2019-02-21,42998-402,2019-04-02,Second Class,Air,33411,917104.31,2,0.29,mastercard,Very Good,40,2019-02,5,458552.155
965,Trupe,4231,Suzuki,Samurai,Khaki,1994,764379.38,49884-929,Albert O'Cosgra,Male,Software Test Engineer II,Rochester,United States,US,New York,2018-11-14,59137-525,2019-03-12,Second Class,Air,14652,729410.28,2,0.56,switch,Good,118,2018-11,4,364705.14
966,Quimba,7631,Mitsubishi,Pajero,Fuscia,2003,595236.97,52125-595,Orville Argyle,Male,Executive Secretary,Akron,United States,US,Ohio,2019-05-22,48951-6044,2019-02-11,Same Day,Air,44329,705527.32,2,0.26,jcb,Good,-100,2019-05,4,352763.66
967,Snaptags,3528,Ram,Dakota,Green,2011,686205.26,55154-3379,Derick Scottesmoor,Male,VP Product Management,London,United States,US,Kentucky,2019-06-14,61995-2371,2019-02-15,Second Class,Air,40745,757937.4,2,0.26,diners-club-carte-blanche,Okay,-119,2019-06,3,378968.7
968,Youfeed,9703,Kia,Rio,Blue,2013,708205.02,54868-6090,Sanderson Gillino,Male,Administrative Officer,El Paso,United States,US,Texas,2019-05-24,12830-739,2019-01-10,Standard Class,Air,79940,701450.85,2,0.38,switch,Bad,-134,2019-05,2,350725.425
969,Divape,4499,Hyundai,Sonata,Orange,1999,719448.27,68472-081,Diana Scruby,Female,Occupational Therapist,Pensacola,United States,US,Florida,2018-12-21,0591-5882,2019-01-27,First Class,Truck,32505,860944.43,1,0.77,mastercard,Very Good,37,2018-12,5,860944.43
970,Plambee,8772,Dodge,Caliber,Violet,2008,575813.46,51655-096,Crichton Coxhead,Male,Database Administrator III,Paterson,United States,US,New Jersey,2019-06-03,55150-119,2019-06-10,Same Day,Truck,7505,701286.37,1,0.88,jcb,Good,7,2019-06,4,701286.37
971,Abatz,4255,Infiniti,QX56,Mauv,2011,653709.4,10812-204,Ryon Glasscoo,Male,Actuary,Flushing,United States,US,New York,2019-03-13,36987-1840,2019-05-17,First Class,Air,11355,798954.23,2,0.73,mastercard,Very Bad,65,2019-03,1,399477.115
972,Youfeed,419,Mazda,Protege,Orange,2002,516052.17,59535-1041,Fax Terrill,Male,Staff Scientist,Pasadena,United States,US,California,2018-12-24,68180-517,2019-05-19,First Class,Truck,91131,948690.72,2,0.32,maestro,Very Bad,146,2018-12,1,474345.36
973,Abatz,887,Dodge,Ram 2500,Orange,2007,645417.58,58214-100,Kevina Biggin,Female,Compensation Analyst,Philadelphia,United States,US,Pennsylvania,2019-05-20,25021-117,2019-05-06,Second Class,Truck,19131,962632.07,1,0.75,jcb,Okay,-14,2019-05,3,962632.07
974,Rhycero,3195,Ford,Tempo,Goldenrod,1991,694325.43,41250-167,Ronni Humpage,Female,Librarian,Charlottesville,United States,US,Virginia,2018-12-07,55154-4989,2019-06-14,Second Class,Air,22908,832851.16,2,0.73,bankcard,Okay,189,2018-12,3,416425.58
975,Devshare,9329,Cadillac,DeVille,Blue,1999,716194.77,64679-273,James Dikels,Male,Quality Engineer,Huntington,United States,US,West Virginia,2019-05-20,54416-005,2019-04-10,Standard Class,Truck,25705,835683.61,1,0.62,jcb,Okay,-40,2019-05,3,835683.61
976,Eamia,9304,Chevrolet,Express 1500,Red,2009,560777.07,49671-002,Lemuel Huggin,Male,Assistant Manager,Saint Louis,United States,US,Missouri,2018-09-12,43772-0003,2019-01-10,Standard Class,Air,63167,952762.44,2,0.72,china-unionpay,Okay,120,2018-09,3,476381.22
977,Jamia,8585,Nissan,Sentra,Red,2009,662924.75,0904-5980,Idell Merrell,Female,VP Product Management,Boise,United States,US,Idaho,2018-08-17,52376-036,2019-02-20,Standard Class,Air,83705,776307.76,1,0.76,diners-club-enroute,Very Good,187,2018-08,5,776307.76
978,Livetube,3868,Lincoln,MKX,Maroon,2009,789397.64,60681-7002,Keary Leebeter,Male,Cost Accountant,San Antonio,United States,US,Texas,2019-03-05,54569-1647,2019-02-28,Standard Class,Truck,78285,987573.24,1,0.38,jcb,Bad,-5,2019-03,2,987573.24
979,Thoughtbridge,114,Plymouth,Sundance,Blue,1993,561643.77,0006-0740,Tirrell Hegg,Male,Account Executive,Sacramento,United States,US,California,2018-12-17,16590-774,2019-03-02,Second Class,Truck,95823,952050.49,2,0.82,maestro,Okay,75,2018-12,3,476025.245
980,Brainlounge,2763,Pontiac,Firebird,Violet,1989,525865.77,55154-6754,Beau Hinkens,Male,Pharmacist,New York City,United States,US,New York,2019-04-30,50730-5101,2019-04-19,Same Day,Truck,10270,733988.39,2,0.81,visa-electron,Good,-11,2019-04,4,366994.195
981,Zoomcast,1453,Ford,Econoline E350,Teal,1996,630846.87,0378-0145,Grady Goldsby,Male,Tax Accountant,Grand Forks,United States,US,North Dakota,2019-06-12,51672-1293,2019-05-30,Standard Class,Air,58207,863147.11,1,0.42,mastercard,Good,-13,2019-06,4,863147.11
982,Eidel,7748,Lamborghini,Gallardo,Green,2003,679404.14,63629-1468,Tyler Okeshott,Male,Analyst Programmer,Arlington,United States,US,Virginia,2018-09-25,57955-2311,2019-02-01,Standard Class,Air,22205,915071.48,1,0.49,switch,Very Good,129,2018-09,5,915071.48
983,Twitternation,9396,Chevrolet,G-Series G10,Puce,1994,630469.02,55711-070,Giavani Hugle,Male,Media Manager III,Charlottesville,United States,US,Virginia,2018-12-01,33261-039,2019-01-04,Same Day,Air,22903,735445.23,1,0.76,diners-club-enroute,Good,34,2018-12,4,735445.23
984,Vipe,8675,BMW,745,Aquamarine,2002,651516.71,0363-0149,Geno Gristock,Male,Physical Therapy Assistant,Austin,United States,US,Texas,2018-10-16,65856-216,2019-02-17,Standard Class,Truck,78737,711464.16,1,0.59,jcb,Very Bad,124,2018-10,1,711464.16
985,Voolia,8131,Dodge,Dynasty,Yellow,1992,526967.62,52054-215,Vince Sheekey,Male,Financial Advisor,Cambridge,United States,US,Massachusetts,2019-02-23,55301-243,2019-04-17,First Class,Air,2142,996982.84,1,0.26,maestro,Bad,53,2019-02,2,996982.84
986,Snaptags,9829,Pontiac,Bonneville,Fuscia,1991,539493.48,0781-5385,Ignazio Casetti,Male,Human Resources Assistant I,Honolulu,United States,US,Hawaii,2019-06-04,36987-1963,2019-05-31,Same Day,Air,96845,773845.35,1,0.49,jcb,Good,-4,2019-06,4,773845.35
987,Realpoint,3604,Volkswagen,Eurovan,Blue,1994,549477.51,24987-437,Boycie Seed,Male,Project Manager,Houston,United States,US,Texas,2018-07-31,55154-3226,2019-01-20,First Class,Truck,77281,849199.84,1,0.83,diners-club-carte-blanche,Very Good,173,2018-07,5,849199.84
988,Demizz,9453,Nissan,240SX,Purple,1995,602442.24,51143-296,Nannie McGarrell,Female,Account Coordinator,Kansas City,United States,US,Missouri,2019-01-05,49348-920,2019-02-04,First Class,Truck,64193,895979.14,1,0.64,jcb,Very Bad,30,2019-01,1,895979.14
989,Realcube,6219,Land Rover,Range Rover Sport,Red,2012,780221.09,57520-0401,Weider Dinnis,Male,VP Accounting,Crawfordsville,United States,US,Indiana,2019-05-16,0603-2213,2019-05-07,Same Day,Truck,47937,876979.46,2,0.57,jcb,Very Bad,-9,2019-05,1,438489.73
990,Zava,9043,Eagle,Talon,Turquoise,1991,563180.83,54973-2956,Ermina MacRedmond,Female,Senior Financial Analyst,Saint Petersburg,United States,US,Florida,2019-03-30,10544-219,2019-05-10,Same Day,Truck,33710,945595.51,2,0.77,diners-club-enroute,Bad,41,2019-03,2,472797.755
991,Devpoint,4254,BMW,760,Orange,2006,772366.39,36987-2288,Naomi Piscopello,Female,Accountant II,Baltimore,United States,US,Maryland,2018-09-11,60505-0166,2019-05-31,Second Class,Air,21265,752901.1,2,0.39,jcb,Very Good,262,2018-09,5,376450.55
992,Vidoo,3598,Mercury,Sable,Khaki,1996,562701.11,48951-3141,Zitella Thackston,Female,Financial Advisor,South Bend,United States,US,Indiana,2018-11-30,0548-3015,2019-06-06,Standard Class,Air,46614,885826.68,1,0.78,maestro,Very Bad,188,2018-11,1,885826.68
993,Yombu,5110,Dodge,Durango,Yellow,2005,587045.78,64735-050,Karlen McSpirron,Female,Senior Financial Analyst,Gadsden,United States,US,Alabama,2018-09-19,49517-0001,2019-03-12,First Class,Air,35905,874705.48,2,0.32,mastercard,Okay,174,2018-09,3,437352.74
994,Zoovu,9656,BMW,Z3,Khaki,1999,734175.16,36987-1348,Tonie Gueste,Female,Recruiting Manager,Wilmington,United States,US,Delaware,2019-05-07,0517-0725,2019-05-19,First Class,Truck,19810,914193.62,1,0.42,jcb,Very Good,12,2019-05,5,914193.62
995,Devpoint,294,Mercury,Lynx,Khaki,1985,710759.09,52549-4118,Genevra Whetson,Female,GIS Technical Architect,Sacramento,United States,US,California,2018-07-26,0703-4852,2019-03-31,Same Day,Truck,94297,852889.61,1,0.55,jcb,Okay,248,2018-07,3,852889.61
996,Edgeify,7534,Chevrolet,Monte Carlo,Fuscia,2004,718778.77,0268-0030,Sherman Bennett,Male,Senior Editor,Lincoln,United States,US,Nebraska,2018-08-14,68788-0046,2019-03-16,Second Class,Truck,68524,900610.31,2,0.59,maestro,Okay,214,2018-08,3,450305.155
997,Zooveo,7982,Subaru,Outback,Khaki,2006,689650.37,11559-729,Abbie Lehemann,Male,Chief Design Engineer,Salt Lake City,United States,US,Utah,2018-09-18,36987-3015,2019-04-08,Standard Class,Air,84152,987645.58,1,0.33,jcb,Okay,202,2018-09,3,987645.58
998,Geba,8051,Audi,Q7,Green,2012,525136.96,55143-011,Anny Bowick,Female,VP Marketing,Tulsa,United States,US,Oklahoma,2018-06-25,68180-181,2019-01-25,Second Class,Air,74141,870962.7,2,0.25,diners-club-carte-blanche,Okay,214,2018-06,3,435481.35
999,Janyx,7072,Mazda,B-Series,Khaki,2006,719917.26,0555-1054,Danica Osgood,Female,Financial Advisor,Washington,United States,US,District of Columbia,2019-03-10,0641-6073,2019-02-21,First Class,Air,20404,778839.18,1,0.78,jcb,Very Bad,-17,2019-03,1,778839.18
1000,Meembee,9722,Oldsmobile,88,Goldenrod,1995,655522.91,49778-001,Marlo Larkins,Male,Operator,Ogden,United States,US,Utah,2018-08-28,17856-5180,2019-05-04,Standard Class,Truck,84403,821678.46,1,0.89,visa,Very Bad,249,2018-08,1,821678.46
